ID,Year,Date,Season,River,Creek,Bout,Distance,DOMGL,Salinity,TempC,Catch,CPUE,n
10TRANSRB81,10,2014-03-22,TRANS,RB,8,1,100,3.02,0.4,22.9,61,61,2
10TRANSRB83,10,2014-03-22,TRANS,RB,8,3,100,4.23,0.4,23.4,49,49,2
10TRANSRB91,10,2014-03-23,TRANS,RB,9,1,86,2.49,0.4,23.4,116,135,2
10TRANSRB92,10,2014-03-23,TRANS,RB,9,2,67,2.56,0.4,23.5,176,262,4
10TRANSRB93,10,2014-03-23,TRANS,RB,9,3,68,2.92,0.4,23.6,127,187,3
10TRANSTB21,10,2013-12-02,TRANS,TB,2,1,90,4.5,0.9,22.8,54,60,3
10TRANSTB21,10,2014-03-24,TRANS,TB,2,1,98,4.58,5.8,27,54,55,2
10TRANSTB22,10,2013-12-02,TRANS,TB,2,2,80,5.58,0.9,23,73,91,2
10TRANSTB23,10,2013-12-02,TRANS,TB,2,3,73,5.95,0.9,23.3,79,108,3
10TRANSTB23,10,2014-03-24,TRANS,TB,2,3,95,5.05,5.9,26.5,79,83,2
10WETRB141,10,2013-12-20,WET,RB,14,1,130,4.77,0.4,20.1,5,4,2
11EARLYDRYRB101,11,2015-03-03,EARLYDRY,RB,10,1,80,2.55,0.5,22.8,59,74,4
11EARLYDRYRB102,11,2015-03-03,EARLYDRY,RB,10,2,55,2.7,0.5,23.4,191,347,4
11EARLYDRYRB103,11,2015-03-03,EARLYDRY,RB,10,3,64,3.18,0.5,23.7,144,225,4
11EARLYDRYRB111,11,2015-03-08,EARLYDRY,RB,11,1,45,2.67,0.4,23.5,64,142,4
11EARLYDRYRB112,11,2015-03-08,EARLYDRY,RB,11,2,60,3.5,0.4,23.6,86,143,3
11EARLYDRYRB113,11,2015-03-08,EARLYDRY,RB,11,3,50,3.06,0.4,23,129,258,3
11EARLYDRYRB121,11,2015-03-02,EARLYDRY,RB,12,1,70,0.43,1.1,23.5,26,37,3
11EARLYDRYRB123,11,2015-03-02,EARLYDRY,RB,12,3,86,0.43,0.8,23.4,20,23,3
11EARLYDRYRB131,11,2015-03-05,EARLYDRY,RB,13,1,69,4.1,0.6,25.1,55,80,3
11EARLYDRYRB132,11,2015-03-05,EARLYDRY,RB,13,2,117,5.38,0.6,25.1,65,56,2
11EARLYDRYRB133,11,2015-03-05,EARLYDRY,RB,13,3,93,5.2,0.6,25.1,22,24,2
11EARLYDRYRB141,11,2015-03-08,EARLYDRY,RB,14,1,90,0.35,1.4,24.2,11,12,2
11EARLYDRYRB143,11,2015-03-08,EARLYDRY,RB,14,3,98,0.28,1.3,24.3,6,6,2
11EARLYDRYRB163,11,2015-03-02,EARLYDRY,RB,16,3,109,0.24,2.7,23.1,19,17,2
11EARLYDRYRB181,11,2015-03-08,EARLYDRY,RB,18,1,95,5.71,0.9,25.3,55,58,2
11EARLYDRYRB182,11,2015-03-08,EARLYDRY,RB,18,2,90,5.86,0.8,25.3,40,44,2
11EARLYDRYRB183,11,2015-03-08,EARLYDRY,RB,18,3,60,5.69,0.7,24.8,32,53,2
11EARLYDRYRB71,11,2015-03-02,EARLYDRY,RB,7,1,117,2.1,1.5,23.4,15,13,2
11EARLYDRYRB72,11,2015-03-02,EARLYDRY,RB,7,2,101,0.28,1.2,23.1,14,14,2
11EARLYDRYRB73,11,2015-03-02,EARLYDRY,RB,7,3,86,0.26,1,22.8,22,26,2
11EARLYDRYRB81,11,2015-03-03,EARLYDRY,RB,8,1,83,4.46,0.5,24.5,52,63,3
11EARLYDRYRB82,11,2015-03-03,EARLYDRY,RB,8,2,71,4.9,0.5,24.6,31,44,2
11EARLYDRYRB83,11,2015-03-03,EARLYDRY,RB,8,3,54,4.15,0.5,24.3,131,243,3
11EARLYDRYRB91,11,2015-03-04,EARLYDRY,RB,9,1,65,2.1,0.5,22.1,56,86,3
11EARLYDRYRB92,11,2015-03-04,EARLYDRY,RB,9,2,70,2.32,0.4,22.4,202,289,3
11EARLYDRYRB93,11,2015-03-04,EARLYDRY,RB,9,3,60,2.8,0.4,22.6,125,208,5
11EARLYDRYTB11,11,2015-03-07,EARLYDRY,TB,1,1,80,6.7,6.8,27.1,12,15,2
11EARLYDRYTB12,11,2015-03-07,EARLYDRY,TB,1,2,75,7,7,27.9,17,23,3
11EARLYDRYTB13,11,2015-03-07,EARLYDRY,TB,1,3,104,6.5,7,28,14,13,2
11EARLYDRYTB21,11,2015-03-07,EARLYDRY,TB,2,1,106,6.3,6.3,27.9,16,15,3
11EARLYDRYTB22,11,2015-03-07,EARLYDRY,TB,2,2,107,5.48,7,26.5,17,16,3
11EARLYDRYTB23,11,2015-03-07,EARLYDRY,TB,2,3,89,7.55,7.1,27,32,36,4
11EARLYDRYTB31,11,2015-03-07,EARLYDRY,TB,3,1,110,7.56,5.7,27.1,16,15,3
11EARLYDRYTB42,11,2015-03-07,EARLYDRY,TB,4,2,136,5.12,4.9,27,8,6,2
11EARLYDRYTB43,11,2015-03-07,EARLYDRY,TB,4,3,124,4.85,4.5,26.8,8,6,2
11LATEDRYRB101,11,2015-04-12,LATEDRY,RB,10,1,77,2.7,1,25.2,41,53,3
11LATEDRYRB102,11,2015-04-12,LATEDRY,RB,10,2,88,2.93,1,25.4,45,51,3
11LATEDRYRB103,11,2015-04-12,LATEDRY,RB,10,3,81,3.52,1,26,39,48,2
11LATEDRYRB111,11,2015-04-12,LATEDRY,RB,11,1,64,5.26,1.1,27.5,66,103,5
11LATEDRYRB112,11,2015-04-12,LATEDRY,RB,11,2,60,5.92,1,27.7,30,50,3
11LATEDRYRB113,11,2015-04-12,LATEDRY,RB,11,3,50,3.32,0.8,26.3,89,178,3
11LATEDRYRB121,11,2015-04-11,LATEDRY,RB,12,1,80,0.35,4.7,25.3,13,16,2
11LATEDRYRB122,11,2015-04-11,LATEDRY,RB,12,2,80,1.18,3.8,26.3,17,21,3
11LATEDRYRB123,11,2015-04-11,LATEDRY,RB,12,3,63,1.09,3.4,26.3,22,35,3
11LATEDRYRB132,11,2015-04-13,LATEDRY,RB,13,2,75,5.12,2.9,29.9,3,4,2
11LATEDRYRB133,11,2015-04-13,LATEDRY,RB,13,3,109,5.61,2.5,29.2,18,17,4
11LATEDRYRB141,11,2015-04-14,LATEDRY,RB,14,1,131,2.13,3.5,27.2,8,6,2
11LATEDRYRB161,11,2015-04-11,LATEDRY,RB,16,1,96,2.32,7.2,27.9,29,30,3
11LATEDRYRB162,11,2015-04-11,LATEDRY,RB,16,2,120,1.18,6.7,27.7,5,4,2
11LATEDRYRB181,11,2015-04-14,LATEDRY,RB,18,1,90,4.01,3.5,28.7,7,8,2
11LATEDRYRB182,11,2015-04-14,LATEDRY,RB,18,2,77,4.84,3.5,29.3,9,12,2
11LATEDRYRB183,11,2015-04-14,LATEDRY,RB,18,3,80,4.38,3.5,28.7,14,18,3
11LATEDRYRB71,11,2015-04-14,LATEDRY,RB,7,1,103,0.2,2.2,25.2,16,16,2
11LATEDRYRB73,11,2015-04-14,LATEDRY,RB,7,3,170,0.36,2.2,25.5,10,6,2
11LATEDRYRB81,11,2015-04-13,LATEDRY,RB,8,1,81,4.13,1.2,26.7,32,40,2
11LATEDRYRB82,11,2015-04-13,LATEDRY,RB,8,2,101,4.41,1.1,27,37,37,2
11LATEDRYRB83,11,2015-04-13,LATEDRY,RB,8,3,92,4.13,1.2,26.7,21,23,2
11LATEDRYRB91,11,2015-04-13,LATEDRY,RB,9,1,107,2.22,1.1,26.5,44,41,4
11LATEDRYRB93,11,2015-04-13,LATEDRY,RB,9,3,87,1.53,1.1,26.7,60,69,4
11WETRB101,11,2014-12-13,WET,RB,10,1,113,NA,0.3,15.9,7,6,2
11WETRB111,11,2014-12-13,WET,RB,11,1,82,NA,0.3,15.4,13,16,2
11WETRB112,11,2014-12-13,WET,RB,11,2,96,NA,0.3,15.1,27,28,2
11WETRB121,11,2014-12-11,WET,RB,12,1,99,NA,0.3,14.5,50,51,5
11WETRB123,11,2014-12-11,WET,RB,12,3,77,NA,0.3,14.5,27,35,4
11WETRB131,11,2014-12-15,WET,RB,13,1,81,NA,0.3,16.1,8,10,2
11WETRB132,11,2014-12-15,WET,RB,13,2,90,NA,0.3,16.3,21,23,3
11WETRB133,11,2014-12-15,WET,RB,13,3,90,NA,0.3,16.1,14,16,2
11WETRB143,11,2014-12-13,WET,RB,14,3,100,NA,0.3,16.1,15,15,3
11WETRB161,11,2014-12-11,WET,RB,16,1,75,NA,0.5,15.6,22,29,4
11WETRB181,11,2014-12-14,WET,RB,18,1,103,NA,0.3,16.9,13,13,2
11WETRB182,11,2014-12-14,WET,RB,18,2,79,NA,0.3,17,39,49,3
11WETRB183,11,2014-12-14,WET,RB,18,3,102,NA,0.3,17.1,17,17,2
11WETRB73,11,2014-12-13,WET,RB,7,3,90,NA,0.3,16.3,9,10,2
11WETRB83,11,2014-12-14,WET,RB,8,3,110,NA,0.3,16,10,9,2
11WETRB91,11,2014-12-13,WET,RB,9,1,115,NA,0.3,16,6,5,2
11WETRB92,11,2014-12-13,WET,RB,9,2,90,NA,0.3,16.2,25,28,3
11WETTB11,11,2014-12-12,WET,TB,1,1,76,NA,4.1,19.3,5,7,2
11WETTB13,11,2014-12-12,WET,TB,1,3,106,NA,3.8,18.2,13,12,2
11WETTB21,11,2014-12-12,WET,TB,2,1,80,NA,4,21,20,25,2
11WETTB32,11,2014-12-12,WET,TB,3,2,99,NA,3.1,19.3,13,13,2
11WETTB33,11,2014-12-12,WET,TB,3,3,90,NA,1.7,18.7,16,18,3
12EARLYDRYRB103,12,2016-02-22,EARLYDRY,RB,10,3,123,3.9,0.2,22.7,4,3,2
12EARLYDRYRB112,12,2016-02-22,EARLYDRY,RB,11,2,90,4.53,0.2,23.2,20,22,3
12EARLYDRYRB121,12,2016-02-21,EARLYDRY,RB,12,1,78,4.87,0.3,19.2,23,29,2
12EARLYDRYRB122,12,2016-02-21,EARLYDRY,RB,12,2,83,4.99,0.3,19.6,12,14,2
12EARLYDRYRB123,12,2016-02-21,EARLYDRY,RB,12,3,115,5.22,0.2,19.8,14,12,2
12EARLYDRYRB133,12,2016-02-23,EARLYDRY,RB,13,3,82,4.4,0.2,22.5,13,16,2
12EARLYDRYRB141,12,2016-02-23,EARLYDRY,RB,14,1,80,4.35,0.2,22.7,15,19,2
12EARLYDRYRB151,12,2016-02-23,EARLYDRY,RB,15,1,100,4.5,0.3,23.1,29,29,2
12EARLYDRYRB182,12,2016-02-23,EARLYDRY,RB,18,2,115,4.22,0.2,22.9,22,19,2
12EARLYDRYRB183,12,2016-02-23,EARLYDRY,RB,18,3,121,4.76,0.2,22.8,12,10,2
12EARLYDRYRB72,12,2016-02-23,EARLYDRY,RB,7,2,128,3.92,0.3,23,4,3,2
12EARLYDRYRB81,12,2016-02-22,EARLYDRY,RB,8,1,94,4.59,0.2,20.8,12,13,2
12EARLYDRYRB83,12,2016-02-22,EARLYDRY,RB,8,3,103,4.48,0.2,20.9,7,7,2
12EARLYDRYRB93,12,2016-02-22,EARLYDRY,RB,9,3,120,3.98,0.2,21.5,8,7,2
12EARLYDRYTB12,12,2016-02-23,EARLYDRY,TB,1,2,80,6.8,0.9,24,26,32,2
12EARLYDRYTB22,12,2016-02-24,EARLYDRY,TB,2,2,121,7.62,0.6,25.2,23,19,2
12EARLYDRYTB23,12,2016-02-24,EARLYDRY,TB,2,3,132,7.3,0.7,25.3,25,19,2
12EARLYDRYTB31,12,2016-02-24,EARLYDRY,TB,3,1,108,6.22,0.9,23,19,18,2
12EARLYDRYTB33,12,2016-02-24,EARLYDRY,TB,3,3,120,6.32,0.5,23.4,27,22,2
12EARLYDRYTB41,12,2016-02-24,EARLYDRY,TB,4,1,100,5.75,0.5,23.4,29,29,3
12EARLYDRYTB42,12,2016-02-24,EARLYDRY,TB,4,2,119,5.5,0.5,23.7,11,9,2
12EARLYDRYTB43,12,2016-02-24,EARLYDRY,TB,4,3,139,5.71,0.5,23.8,16,12,2
12LATEDRYRB102,12,2016-05-13,LATEDRY,RB,10,2,97,2.89,0.3,27.2,6,6,2
12LATEDRYRB111,12,2016-05-13,LATEDRY,RB,11,1,89,2.69,0.3,26.6,4,4,2
12LATEDRYRB113,12,2016-05-13,LATEDRY,RB,11,3,89,3.66,0.3,28.5,14,16,2
12LATEDRYRB121,12,2016-05-25,LATEDRY,RB,12,1,153,2.31,0.3,26.7,6,4,2
12LATEDRYRB123,12,2016-05-25,LATEDRY,RB,12,3,152,2.52,0.3,27,12,8,2
12LATEDRYRB143,12,2016-05-26,LATEDRY,RB,14,3,170,2.95,0.4,28.1,11,6,2
12LATEDRYRB151,12,2016-05-27,LATEDRY,RB,15,1,140,0.52,0.7,27.8,8,6,2
12LATEDRYRB152,12,2016-05-27,LATEDRY,RB,15,2,136,0.5,0.7,27.8,3,2,2
12LATEDRYRB161,12,2016-05-25,LATEDRY,RB,16,1,132,2.76,0.8,26.8,13,10,2
12LATEDRYRB162,12,2016-05-25,LATEDRY,RB,16,2,127,3.03,0.7,27.2,8,6,2
12LATEDRYRB82,12,2016-05-12,LATEDRY,RB,8,2,120,3.23,0.3,26.7,19,16,2
12LATEDRYTB12,12,2016-05-27,LATEDRY,TB,1,2,80,4.1,2.7,27.7,21,26,3
12LATEDRYTB13,12,2016-05-27,LATEDRY,TB,1,3,110,3.33,2.7,27.2,32,29,4
12LATEDRYTB22,12,2016-05-27,LATEDRY,TB,2,2,97,4.21,2.1,27.6,12,12,2
12LATEDRYTB23,12,2016-05-27,LATEDRY,TB,2,3,94,4.6,2.1,27.6,23,25,2
12LATEDRYTB31,12,2016-05-27,LATEDRY,TB,3,1,100,4.35,1.7,28.2,30,30,2
12LATEDRYTB32,12,2016-05-27,LATEDRY,TB,3,2,124,3.74,1.2,28.9,22,18,2
12LATEDRYTB33,12,2016-05-27,LATEDRY,TB,3,3,117,3.5,1,28.5,22,19,2
12LATEDRYTB41,12,2016-05-26,LATEDRY,TB,4,1,112,3.63,0.8,28.6,25,22,2
12LATEDRYTB42,12,2016-05-26,LATEDRY,TB,4,2,115,3.52,0.8,28.6,6,5,2
12LATEDRYTB43,12,2016-05-26,LATEDRY,TB,4,3,120,3.03,0.8,28.4,20,17,2
12TRANSRB101,12,2016-04-18,TRANS,RB,10,1,126,4.34,0.3,23.4,31,25,3
12TRANSRB102,12,2016-04-18,TRANS,RB,10,2,137,4.83,0.3,24.3,9,7,2
12TRANSRB111,12,2016-04-18,TRANS,RB,11,1,131,4.75,0.3,23.9,8,6,2
12TRANSRB133,12,2016-04-17,TRANS,RB,13,3,81,4.18,0.3,25.5,5,6,2
12TRANSRB81,12,2016-04-17,TRANS,RB,8,1,117,4.11,0.3,25.7,11,9,2
12TRANSRB82,12,2016-04-17,TRANS,RB,8,2,79,3.93,0.3,25.4,10,13,2
12TRANSRB83,12,2016-04-17,TRANS,RB,8,3,79,4.02,0.3,25.4,19,24,3
12TRANSRB92,12,2016-04-18,TRANS,RB,9,2,110,3.89,0.3,22.7,10,9,2
12TRANSRB93,12,2016-04-18,TRANS,RB,9,3,100,3.85,0.3,22.8,22,22,2
12WETRB111,12,2015-12-15,WET,RB,11,1,89,3.4,2,25,12,13,3
12WETRB112,12,2015-12-15,WET,RB,11,2,80,3.5,0.2,25.3,6,8,2
12WETRB121,12,2015-12-14,WET,RB,12,1,78,2.82,0.2,23.1,10,13,2
12WETRB122,12,2015-12-14,WET,RB,12,2,123,3.31,0.2,23.4,9,7,2
12WETRB131,12,2015-12-17,WET,RB,13,1,67,3.11,0.2,25.5,15,22,3
12WETRB132,12,2015-12-17,WET,RB,13,2,66,3.33,0.2,25.5,10,15,2
12WETRB133,12,2015-12-17,WET,RB,13,3,75,3.13,0.2,25.6,12,16,2
12WETRB142,12,2015-12-17,WET,RB,14,2,88,3.11,0.2,24.8,10,11,2
12WETRB163,12,2015-12-14,WET,RB,16,3,97,4.16,0.4,23.7,4,4,2
12WETRB181,12,2015-12-17,WET,RB,18,1,132,3.16,0.2,25.5,14,11,3
12WETRB182,12,2015-12-17,WET,RB,18,2,133,3.6,0.2,26.2,20,15,2
12WETRB82,12,2015-12-15,WET,RB,8,2,64,3.2,0.2,24.3,15,23,2
12WETRB93,12,2015-12-15,WET,RB,9,3,99,2.81,0.2,25.5,8,8,2
12WETTB13,12,2015-12-16,WET,TB,1,3,87,4.54,1.7,25.5,15,17,2
12WETTB22,12,2015-12-16,WET,TB,2,2,84,4.37,1.2,26.1,61,73,2
12WETTB31,12,2015-12-16,WET,TB,3,1,86,4.52,1.1,25,5,6,2
12WETTB32,12,2015-12-16,WET,TB,3,2,71,4.68,0.8,25.5,18,25,2
12WETTB42,12,2015-12-16,WET,TB,4,2,96,3.5,0.3,25.1,8,8,2
13EARLYDRYRB101,13,2017-02-26,EARLYDRY,RB,10,1,48,3.63,0.3,21.6,41,85,3
13EARLYDRYRB102,13,2017-02-26,EARLYDRY,RB,10,2,65,4.04,0.3,22.2,37,57,3
13EARLYDRYRB103,13,2017-02-26,EARLYDRY,RB,10,3,72,4.2,0.3,22.6,28,39,3
13EARLYDRYRB111,13,2017-02-26,EARLYDRY,RB,11,1,71,3.52,0.3,21.3,13,18,2
13EARLYDRYRB112,13,2017-02-26,EARLYDRY,RB,11,2,113,3.63,0.3,21.6,34,30,4
13EARLYDRYRB121,13,2017-03-04,EARLYDRY,RB,12,1,121,1.66,1.1,21.9,57,47,3
13EARLYDRYRB122,13,2017-03-04,EARLYDRY,RB,12,2,109,1.9,1.1,22,58,53,5
13EARLYDRYRB123,13,2017-03-04,EARLYDRY,RB,12,3,115,1.84,1,22,125,109,8
13EARLYDRYRB131,13,2017-02-27,EARLYDRY,RB,13,1,95,3.92,0.4,23.4,48,51,3
13EARLYDRYRB132,13,2017-02-27,EARLYDRY,RB,13,2,118,4.27,0.4,23.7,33,28,2
13EARLYDRYRB133,13,2017-02-27,EARLYDRY,RB,13,3,90,4.34,0.4,23.9,36,40,2
13EARLYDRYRB142,13,2017-02-27,EARLYDRY,RB,14,2,83,5.07,0.6,23.8,41,49,2
13EARLYDRYRB153,13,2017-03-04,EARLYDRY,RB,15,3,118,0.5,1.3,23.5,14,12,2
13EARLYDRYRB161,13,2017-03-03,EARLYDRY,RB,16,1,159,3.5,2.2,23.7,10,6,2
13EARLYDRYRB163,13,2017-03-03,EARLYDRY,RB,16,3,125,2.7,1.3,23.6,12,10,2
13EARLYDRYRB181,13,2017-03-05,EARLYDRY,RB,18,1,111,5.76,0.8,22,100,90,7
13EARLYDRYRB182,13,2017-03-05,EARLYDRY,RB,18,2,109,5.12,0.7,21.8,117,107,5
13EARLYDRYRB183,13,2017-03-05,EARLYDRY,RB,18,3,154,5.28,0.8,22,128,83,4
13EARLYDRYRB72,13,2017-03-05,EARLYDRY,RB,7,2,128,0.56,1.5,21.7,25,20,2
13EARLYDRYRB73,13,2017-03-05,EARLYDRY,RB,7,3,126,0.99,1.4,21.6,41,33,3
13EARLYDRYRB81,13,2017-02-26,EARLYDRY,RB,8,1,90,4.94,0.3,23,24,27,2
13EARLYDRYRB83,13,2017-02-27,EARLYDRY,RB,8,3,70,3.26,0.3,20.4,46,65,2
13EARLYDRYRB91,13,2017-02-26,EARLYDRY,RB,9,1,73,3.72,0.3,22,29,40,2
13EARLYDRYRB92,13,2017-02-26,EARLYDRY,RB,9,2,54,3.53,0.3,22.2,24,45,3
13EARLYDRYRB93,13,2017-02-26,EARLYDRY,RB,9,3,64,3.9,0.3,22.4,39,61,2
13EARLYDRYTB11,13,2017-03-04,EARLYDRY,TB,1,1,67,4.47,8.5,22.8,13,19,2
13EARLYDRYTB12,13,2017-03-04,EARLYDRY,TB,1,2,78,3.41,8.7,23.2,21,27,3
13EARLYDRYTB13,13,2017-03-04,EARLYDRY,TB,1,3,100,2.37,8.1,22.3,16,16,2
13EARLYDRYTB21,13,2017-03-04,EARLYDRY,TB,2,1,164,5.55,8.6,23.9,22,13,2
13EARLYDRYTB22,13,2017-03-04,EARLYDRY,TB,2,2,111,5.85,8.5,23.6,10,9,2
13EARLYDRYTB23,13,2017-03-04,EARLYDRY,TB,2,3,102,6.22,6.7,23.6,19,19,2
13EARLYDRYTB31,13,2017-03-03,EARLYDRY,TB,3,1,113,4.8,7.6,25.7,4,4,2
13EARLYDRYTB32,13,2017-03-03,EARLYDRY,TB,3,2,142,4.8,7.2,26.2,13,9,2
13EARLYDRYTB33,13,2017-03-03,EARLYDRY,TB,3,3,178,4.85,6.8,26,10,6,2
13EARLYDRYTB42,13,2017-03-03,EARLYDRY,TB,4,2,112,3.53,4.2,25.9,16,14,3
13LATEDRYRB101,13,2017-04-25,LATEDRY,RB,10,1,88,3.97,4.1,24.8,28,32,2
13LATEDRYRB102,13,2017-04-25,LATEDRY,RB,10,2,78,4.15,3.6,25.6,34,44,3
13LATEDRYRB103,13,2017-04-25,LATEDRY,RB,10,3,100,4.4,3.5,25.8,35,35,3
13LATEDRYRB111,13,2017-04-24,LATEDRY,RB,11,1,95,5.44,2.8,26.5,31,33,3
13LATEDRYRB112,13,2017-04-24,LATEDRY,RB,11,2,52,5.22,2.6,26.5,23,44,3
13LATEDRYRB113,13,2017-04-24,LATEDRY,RB,11,3,67,5.06,2.4,26.3,46,68,3
13LATEDRYRB121,13,2017-04-24,LATEDRY,RB,12,1,149,2.2,6.9,24,8,5,3
13LATEDRYRB122,13,2017-04-24,LATEDRY,RB,12,2,99,2.32,6.8,24.6,13,13,2
13LATEDRYRB123,13,2017-04-24,LATEDRY,RB,12,3,83,2.3,6.8,25,18,22,2
13LATEDRYRB131,13,2017-04-25,LATEDRY,RB,13,1,104,3.1,8.6,25.2,24,23,3
13LATEDRYRB132,13,2017-04-25,LATEDRY,RB,13,2,109,3.8,8.3,25.1,17,16,4
13LATEDRYRB133,13,2017-04-25,LATEDRY,RB,13,3,84,3.9,8.5,25.3,10,12,2
13LATEDRYRB81,13,2017-04-26,LATEDRY,RB,8,1,87,4.15,8.4,25.1,6,7,2
13LATEDRYRB82,13,2017-04-25,LATEDRY,RB,8,2,72,4.96,7.7,26.5,8,11,2
13LATEDRYRB83,13,2017-04-25,LATEDRY,RB,8,3,60,5.22,7,26.7,10,17,3
13LATEDRYRB91,13,2017-04-25,LATEDRY,RB,9,1,97,5.1,4.4,26.3,33,34,3
13LATEDRYRB92,13,2017-04-25,LATEDRY,RB,9,2,93,4.97,4.3,26.4,28,30,3
13LATEDRYRB93,13,2017-04-25,LATEDRY,RB,9,3,136,4.69,4.2,26.3,51,38,4
13TRANSRB101,13,2017-01-27,TRANS,RB,10,1,76,4.23,0.3,20.4,166,217,4
13TRANSRB101,13,2017-03-27,TRANS,RB,10,1,96,4.1,0.6,22.1,166,173,3
13TRANSRB101,13,2017-05-31,TRANS,RB,10,1,87,2.29,2.8,28.5,166,191,2
13TRANSRB102,13,2017-01-27,TRANS,RB,10,2,96,5.02,0.3,20.8,65,68,2
13TRANSRB102,13,2017-05-31,TRANS,RB,10,2,90,2.17,2.6,28.6,65,72,3
13TRANSRB103,13,2017-01-27,TRANS,RB,10,3,98,5.01,0.3,21.2,81,83,2
13TRANSRB103,13,2017-03-27,TRANS,RB,10,3,154,4.65,0.6,23.7,81,53,3
13TRANSRB103,13,2017-05-31,TRANS,RB,10,3,56,2.42,2.3,28.7,81,144,2
13TRANSRB111,13,2017-01-28,TRANS,RB,11,1,126,4.24,0.3,18.7,86,68,2
13TRANSRB111,13,2017-03-29,TRANS,RB,11,1,131,5.05,0.8,23.7,86,66,3
13TRANSRB111,13,2017-06-01,TRANS,RB,11,1,109,2.17,2.6,27.9,86,79,2
13TRANSRB112,13,2017-01-28,TRANS,RB,11,2,111,4.57,0.3,17.8,89,80,2
13TRANSRB112,13,2017-03-29,TRANS,RB,11,2,74,4.33,0.7,23.4,89,120,2
13TRANSRB112,13,2017-06-01,TRANS,RB,11,2,77,2.25,2.4,27.8,89,115,3
13TRANSRB113,13,2017-01-28,TRANS,RB,11,3,80,4.9,0.3,17.9,115,144,3
13TRANSRB113,13,2017-03-29,TRANS,RB,11,3,38,4.21,0.6,23,115,304,4
13TRANSRB113,13,2017-06-01,TRANS,RB,11,3,67,3.35,2.3,27.9,115,171,3
13TRANSRB131,13,2017-01-28,TRANS,RB,13,1,99,4.66,0.3,20.7,54,55,2
13TRANSRB131,13,2017-03-29,TRANS,RB,13,1,129,5.33,1.8,25.6,54,42,3
13TRANSRB131,13,2017-06-01,TRANS,RB,13,1,94,3.4,6.7,30.5,54,57,2
13TRANSRB132,13,2017-01-28,TRANS,RB,13,2,85,5.11,0.3,20.2,85,100,3
13TRANSRB132,13,2017-03-29,TRANS,RB,13,2,130,5.29,1.8,25.5,85,65,2
13TRANSRB132,13,2017-06-01,TRANS,RB,13,2,74,3.27,6.7,30.1,85,114,3
13TRANSRB133,13,2017-01-28,TRANS,RB,13,3,127,4.98,0.3,20.2,62,49,2
13TRANSRB133,13,2017-06-01,TRANS,RB,13,3,76,3.98,6.1,30.5,62,81,2
13TRANSRB81,13,2017-03-29,TRANS,RB,8,1,111,5.48,0.9,25.1,67,60,3
13TRANSRB81,13,2017-06-01,TRANS,RB,8,1,97,2.24,3.2,28.3,67,69,2
13TRANSRB82,13,2017-01-28,TRANS,RB,8,2,61,4.24,0.3,20.5,70,114,2
13TRANSRB83,13,2017-01-27,TRANS,RB,8,3,96,4.94,0.3,21.7,120,125,2
13TRANSRB83,13,2017-03-29,TRANS,RB,8,3,38,5.42,0.8,25.3,120,317,3
13TRANSRB83,13,2017-05-31,TRANS,RB,8,3,73,3.02,3.3,30,120,165,2
13TRANSRB91,13,2017-01-27,TRANS,RB,9,1,127,4.82,0.3,20.9,120,94,2
13TRANSRB91,13,2017-03-27,TRANS,RB,9,1,121,3.68,0.6,22.4,120,99,2
13TRANSRB91,13,2017-05-31,TRANS,RB,9,1,78,2.25,2.2,28.7,120,155,3
13TRANSRB92,13,2017-01-27,TRANS,RB,9,2,73,4.63,0.3,21.2,116,159,3
13TRANSRB92,13,2017-03-27,TRANS,RB,9,2,72,3.3,0.5,22,116,160,3
13TRANSRB92,13,2017-05-31,TRANS,RB,9,2,55,2,1.9,28.3,116,212,4
13TRANSRB93,13,2017-01-27,TRANS,RB,9,3,84,4.71,0.3,21.3,126,150,2
13TRANSRB93,13,2017-03-27,TRANS,RB,9,3,92,2.92,0.4,22.1,126,138,4
13TRANSRB93,13,2017-05-31,TRANS,RB,9,3,72,1.91,1.7,28,126,174,3
13WETRB101,13,2016-12-13,WET,RB,10,1,94,4.3,0.2,23.7,128,136,3
13WETRB102,13,2016-12-13,WET,RB,10,2,107,4.61,0.2,24,89,83,4
13WETRB103,13,2016-12-13,WET,RB,10,3,124,5.16,0.2,24.3,204,165,4
13WETRB111,13,2016-12-13,WET,RB,11,1,164,4.37,0.2,22.7,9,5,2
13WETRB121,13,2016-12-12,WET,RB,12,1,144,3.46,0.4,22.9,15,10,3
13WETRB122,13,2016-12-12,WET,RB,12,2,135,3.69,0.3,22.8,16,12,2
13WETRB131,13,2016-12-13,WET,RB,13,1,71,4.54,0.2,23.4,32,45,2
13WETRB132,13,2016-12-13,WET,RB,13,2,73,5.14,0.2,23.5,12,16,2
13WETRB133,13,2016-12-13,WET,RB,13,3,105,4.79,0.2,23.6,21,20,2
13WETRB151,13,2016-12-15,WET,RB,15,1,182,3.47,0.3,24,9,5,2
13WETRB153,13,2016-12-15,WET,RB,15,3,199,3.77,0.3,24.1,7,4,3
13WETRB181,13,2016-12-14,WET,RB,18,1,147,4.68,0.2,24.7,26,18,3
13WETRB182,13,2016-12-14,WET,RB,18,2,121,4.33,0.2,24.9,41,34,3
13WETRB183,13,2016-12-14,WET,RB,18,3,126,4.8,0.2,24.5,35,28,3
13WETRB71,13,2016-12-14,WET,RB,7,1,152,2.81,0.3,23.1,10,7,2
13WETRB73,13,2016-12-14,WET,RB,7,3,82,3.45,0.3,23.1,16,20,2
13WETRB81,13,2016-12-14,WET,RB,8,1,59,3.67,0.2,23.4,33,56,2
13WETRB82,13,2016-12-14,WET,RB,8,2,95,4.54,0.2,23.3,25,26,3
13WETRB83,13,2016-12-14,WET,RB,8,3,70,4.27,0.2,23.2,22,31,2
13WETRB91,13,2016-12-13,WET,RB,9,1,127,4.47,0.2,23.7,16,13,2
13WETRB92,13,2016-12-13,WET,RB,9,2,106,4.65,0.2,23.9,22,21,2
13WETRB93,13,2016-12-13,WET,RB,9,3,136,4.75,0.2,24.1,41,30,3
13WETTB11,13,2016-12-15,WET,TB,1,1,106,4.55,1.6,24,23,22,3
13WETTB12,13,2016-12-15,WET,TB,1,2,118,4.5,1.7,25,21,18,3
13WETTB13,13,2016-12-15,WET,TB,1,3,113,5.82,2,25,21,19,2
13WETTB21,13,2016-12-15,WET,TB,2,1,132,4.11,2.4,25.5,27,20,4
13WETTB22,13,2016-12-15,WET,TB,2,2,98,5.5,2.5,25.6,18,18,2
13WETTB23,13,2016-12-15,WET,TB,2,3,99,5.01,2.9,24.9,29,29,3
13WETTB31,13,2016-12-15,WET,TB,3,1,120,4.37,2.9,24.1,29,24,2
13WETTB32,13,2016-12-15,WET,TB,3,2,147,4.43,2,24.2,35,24,3
13WETTB33,13,2016-12-15,WET,TB,3,3,142,4.78,2.4,24.3,6,4,2
13WETTB42,13,2016-12-15,WET,TB,4,2,138,4.07,0.7,24,22,16,2
14EARLYDRYRB101,14,2018-02-17,EARLYDRY,RB,10,1,102,2.96,0.3,22.4,18,18,2
14EARLYDRYRB102,14,2018-02-17,EARLYDRY,RB,10,2,97,2.98,0.3,22.6,19,20,2
14EARLYDRYRB103,14,2018-02-17,EARLYDRY,RB,10,3,104,3.38,0.3,22.9,30,29,3
14EARLYDRYRB111,14,2018-02-17,EARLYDRY,RB,11,1,97,4.1,0.2,24.6,44,45,4
14EARLYDRYRB112,14,2018-02-17,EARLYDRY,RB,11,2,93,4.77,0.2,25.2,18,19,2
14EARLYDRYRB113,14,2018-02-17,EARLYDRY,RB,11,3,70,4.9,0.2,25.7,35,50,2
14EARLYDRYRB121,14,2018-02-21,EARLYDRY,RB,12,1,79,2.74,0.3,24.2,13,16,2
14EARLYDRYRB122,14,2018-02-21,EARLYDRY,RB,12,2,104,2.93,0.3,24.5,31,30,3
14EARLYDRYRB123,14,2018-02-21,EARLYDRY,RB,12,3,119,2.79,0.4,24.8,21,18,3
14EARLYDRYRB131,14,2018-02-21,EARLYDRY,RB,13,1,87,3.31,0.3,24.1,25,29,2
14EARLYDRYRB133,14,2018-02-21,EARLYDRY,RB,13,3,93,3.25,0.3,24.1,13,14,2
14EARLYDRYRB141,14,2018-02-18,EARLYDRY,RB,14,1,84,3.2,0.3,23.2,14,17,2
14EARLYDRYRB151,14,2018-02-18,EARLYDRY,RB,15,1,97,2.36,0.4,23.5,12,12,2
14EARLYDRYRB152,14,2018-02-18,EARLYDRY,RB,15,2,85,2.61,0.4,23.5,14,17,2
14EARLYDRYRB153,14,2018-02-18,EARLYDRY,RB,15,3,115,2.54,0.4,23.6,8,7,2
14EARLYDRYRB163,14,2018-02-21,EARLYDRY,RB,16,3,112,2.19,0.7,25,13,12,2
14EARLYDRYRB182,14,2018-02-21,EARLYDRY,RB,18,2,77,3.9,0.3,25.1,29,38,3
14EARLYDRYRB73,14,2018-02-18,EARLYDRY,RB,7,3,85,2.65,0.4,23.2,30,35,2
14EARLYDRYRB81,14,2018-02-21,EARLYDRY,RB,8,1,87,3.12,0.2,24,22,25,2
14EARLYDRYRB82,14,2018-02-21,EARLYDRY,RB,8,2,71,3.08,0.3,24,8,11,2
14EARLYDRYRB83,14,2018-02-21,EARLYDRY,RB,8,3,90,3.14,0.2,24.2,20,22,2
14EARLYDRYRB91,14,2018-02-17,EARLYDRY,RB,9,1,91,3.09,0.3,22.8,19,21,2
14EARLYDRYRB92,14,2018-02-17,EARLYDRY,RB,9,2,72,3.07,0.3,23.1,38,52,4
14EARLYDRYRB93,14,2018-02-17,EARLYDRY,RB,9,3,90,3.44,0.3,23.7,21,23,4
14EARLYDRYTB12,14,2018-02-16,EARLYDRY,TB,1,2,84,4.95,1.4,26.8,9,11,2
14EARLYDRYTB13,14,2018-02-16,EARLYDRY,TB,1,3,57,4.87,1.3,26.6,10,18,2
14EARLYDRYTB31,14,2018-02-16,EARLYDRY,TB,3,1,128,3.7,1.1,25.3,23,18,2
14EARLYDRYTB32,14,2018-02-16,EARLYDRY,TB,3,2,111,3.14,0.6,25.6,37,33,2
14EARLYDRYTB33,14,2018-02-16,EARLYDRY,TB,3,3,80,3.26,0.6,26,24,30,3
14EARLYDRYTB42,14,2018-02-16,EARLYDRY,TB,4,2,110,3.39,0.7,26.3,16,15,2
14EARLYDRYTB43,14,2018-02-16,EARLYDRY,TB,4,3,112,3.02,0.6,26,23,21,3
14LATEDRYRB101,14,2018-05-16,LATEDRY,RB,10,1,74,4.09,0.8,25.8,57,77,5
14LATEDRYRB102,14,2018-05-16,LATEDRY,RB,10,2,81,3.86,0.7,26.2,49,60,3
14LATEDRYRB103,14,2018-05-16,LATEDRY,RB,10,3,109,3.81,0.7,27,27,25,3
14LATEDRYRB111,14,2018-05-16,LATEDRY,RB,11,1,63,4.28,1,25.8,28,44,2
14LATEDRYRB112,14,2018-05-16,LATEDRY,RB,11,2,67,4.49,0.9,25.7,46,69,3
14LATEDRYRB113,14,2018-05-16,LATEDRY,RB,11,3,50,4.08,0.8,25.4,50,100,2
14LATEDRYRB123,14,2018-05-17,LATEDRY,RB,12,3,90,2.21,4.8,26.1,23,26,3
14LATEDRYRB132,14,2018-05-15,LATEDRY,RB,13,2,150,4.58,1.6,27.5,37,25,4
14LATEDRYRB141,14,2018-05-15,LATEDRY,RB,14,1,106,2.63,6.6,27.6,10,9,2
14LATEDRYRB143,14,2018-05-15,LATEDRY,RB,14,3,74,2.74,6.1,27.1,16,22,2
14LATEDRYRB163,14,2018-05-17,LATEDRY,RB,16,3,87,2.81,6.9,25.6,11,13,2
14LATEDRYRB181,14,2018-05-16,LATEDRY,RB,18,1,126,4.82,3.5,28.8,21,17,2
14LATEDRYRB182,14,2018-05-16,LATEDRY,RB,18,2,97,4.85,3.5,29,24,25,3
14LATEDRYRB71,14,2018-05-17,LATEDRY,RB,7,1,80,2.32,3.7,26.7,16,20,3
14LATEDRYRB72,14,2018-05-17,LATEDRY,RB,7,2,100,1.49,3.4,26.6,21,21,2
14LATEDRYRB73,14,2018-05-17,LATEDRY,RB,7,3,108,1.92,3.1,26.5,25,23,2
14LATEDRYRB81,14,2018-05-15,LATEDRY,RB,8,1,130,4.21,1.2,27.5,38,29,3
14LATEDRYRB83,14,2018-05-15,LATEDRY,RB,8,3,80,4.33,1.2,27.6,26,33,2
14LATEDRYRB91,14,2018-05-16,LATEDRY,RB,9,1,87,3.38,0.6,26.5,53,61,4
14LATEDRYRB92,14,2018-05-16,LATEDRY,RB,9,2,77,3.15,0.6,26.5,42,55,3
14LATEDRYRB93,14,2018-05-16,LATEDRY,RB,9,3,92,3.35,0.6,26.9,39,42,2
14TRANSRB101,14,2018-01-26,TRANS,RB,10,1,88,5.41,0.2,20,81,92,3
14TRANSRB101,14,2018-03-13,TRANS,RB,10,1,110,4.01,0.2,18.1,81,74,3
14TRANSRB101,14,2018-04-28,TRANS,RB,10,1,56,2.44,0.4,24.4,81,143,2
14TRANSRB102,14,2018-01-26,TRANS,RB,10,2,67,5.71,0.2,20.3,102,151,5
14TRANSRB102,14,2018-03-13,TRANS,RB,10,2,93,4.55,0.2,18.3,102,109,3
14TRANSRB102,14,2018-04-28,TRANS,RB,10,2,76,2.81,0.4,24.5,102,134,4
14TRANSRB103,14,2018-01-26,TRANS,RB,10,3,85,6.04,0.2,20.6,92,109,3
14TRANSRB103,14,2018-03-13,TRANS,RB,10,3,119,4.66,0.3,18.8,92,77,4
14TRANSRB103,14,2018-04-28,TRANS,RB,10,3,98,2.7,0.4,25.1,92,94,3
14TRANSRB111,14,2018-03-13,TRANS,RB,11,1,120,5.18,0.2,20.4,44,37,2
14TRANSRB111,14,2018-04-28,TRANS,RB,11,1,155,4.3,0.4,26.9,44,28,2
14TRANSRB112,14,2018-01-26,TRANS,RB,11,2,85,5.5,0.2,21.3,98,116,3
14TRANSRB112,14,2018-03-13,TRANS,RB,11,2,126,5.21,0.2,21.1,98,78,4
14TRANSRB112,14,2018-04-28,TRANS,RB,11,2,136,4.03,0.4,26.9,98,72,2
14TRANSRB113,14,2018-01-26,TRANS,RB,11,3,60,7.62,0.2,21.3,101,168,4
14TRANSRB113,14,2018-03-13,TRANS,RB,11,3,75,5.72,0.2,21.5,101,135,2
14TRANSRB113,14,2018-04-28,TRANS,RB,11,3,87,3.87,0.4,26.9,101,116,4
14TRANSRB131,14,2018-01-27,TRANS,RB,13,1,72,5.52,0.2,19.6,111,154,3
14TRANSRB131,14,2018-03-14,TRANS,RB,13,1,82,4.69,0.2,19.2,111,136,2
14TRANSRB131,14,2018-04-27,TRANS,RB,13,1,106,4.45,0.5,27.7,111,105,2
14TRANSRB132,14,2018-01-27,TRANS,RB,13,2,70,5.41,0.3,19.6,93,132,3
14TRANSRB132,14,2018-03-14,TRANS,RB,13,2,75,4.97,0.2,19,93,125,3
14TRANSRB132,14,2018-04-27,TRANS,RB,13,2,88,5.57,0.5,27.7,93,106,2
14TRANSRB133,14,2018-01-27,TRANS,RB,13,3,77,5.5,0.3,19.7,93,121,3
14TRANSRB133,14,2018-03-14,TRANS,RB,13,3,83,4.97,0.3,18.8,93,113,2
14TRANSRB133,14,2018-04-27,TRANS,RB,13,3,102,4.8,0.5,27.7,93,91,2
14TRANSRB133,14,2018-04-28,TRANS,RB,13,3,102,4.18,0.5,26.4,93,91,2
14TRANSRB81,14,2018-01-27,TRANS,RB,8,1,74,5.23,0.2,19.8,90,121,3
14TRANSRB81,14,2018-03-14,TRANS,RB,8,1,102,4.43,0.2,17.9,90,88,2
14TRANSRB81,14,2018-04-29,TRANS,RB,8,1,80,3.52,0.4,25.2,90,112,3
14TRANSRB82,14,2018-01-27,TRANS,RB,8,2,82,4.88,0.3,20,61,74,2
14TRANSRB82,14,2018-03-14,TRANS,RB,8,2,90,4.62,0.3,17.7,61,67,2
14TRANSRB83,14,2018-03-14,TRANS,RB,8,3,99,4.49,0.2,18,83,84,4
14TRANSRB83,14,2018-04-29,TRANS,RB,8,3,59,3.13,0.4,25,83,142,2
14TRANSRB91,14,2018-01-27,TRANS,RB,9,1,98,5.16,0.3,20.6,80,81,2
14TRANSRB91,14,2018-04-28,TRANS,RB,9,1,107,2.42,0.3,25.2,80,75,3
14TRANSRB92,14,2018-03-13,TRANS,RB,9,2,87,4.54,0.3,19.4,91,105,2
14TRANSRB92,14,2018-04-28,TRANS,RB,9,2,74,2.73,0.3,25.5,91,123,3
14TRANSRB93,14,2018-01-27,TRANS,RB,9,3,94,5.25,0.2,21.1,68,72,2
14TRANSRB93,14,2018-03-13,TRANS,RB,9,3,108,4.67,0.3,19.9,68,63,3
14TRANSRB93,14,2018-04-28,TRANS,RB,9,3,113,3.08,0.3,25.9,68,60,3
14WETRB103,14,2017-12-02,WET,RB,10,3,108,3.52,0.2,24.2,6,6,2
14WETRB112,14,2017-12-02,WET,RB,11,2,81,2.63,0.1,23.9,7,9,2
14WETRB122,14,2017-12-03,WET,RB,12,2,94,2.56,0.2,23.4,5,5,2
14WETRB131,14,2017-12-01,WET,RB,13,1,50,2.93,0.2,24.3,18,36,2
14WETRB133,14,2017-12-01,WET,RB,13,3,96,3.2,0.2,24.7,9,9,3
14WETRB141,14,2017-12-02,WET,RB,14,1,94,3.51,0.2,24.6,20,21,2
14WETRB142,14,2017-12-02,WET,RB,14,2,77,3.68,0.2,24.6,6,8,2
14WETRB143,14,2017-12-02,WET,RB,14,3,91,3.68,0.2,24.6,7,8,2
14WETRB162,14,2017-12-11,WET,RB,16,2,94,7.2,0.3,15.7,5,5,2
14WETRB71,14,2017-12-03,WET,RB,7,1,101,2.45,0.2,23,13,13,2
14WETRB83,14,2017-12-01,WET,RB,8,3,97,3.59,0.2,25,14,14,2
14WETTB11,14,2017-12-11,WET,TB,1,1,71,5.62,0.5,14.8,30,42,4
14WETTB21,14,2017-12-10,WET,TB,2,1,57,4.05,0.3,21.5,38,66,3
14WETTB22,14,2017-12-10,WET,TB,2,2,58,5.16,0.3,21.7,108,188,4
14WETTB23,14,2017-12-10,WET,TB,2,3,62,8.24,0.3,20.6,84,136,5
14WETTB31,14,2017-12-11,WET,TB,3,1,82,5.55,0.4,17.4,166,203,2
14WETTB32,14,2017-12-11,WET,TB,3,2,86,5.56,0.3,17.8,80,93,2
14WETTB33,14,2017-12-11,WET,TB,3,3,81,5.4,0.3,18,40,49,3
14WETTB42,14,2017-12-11,WET,TB,4,2,68,5.04,0.3,18.1,65,96,4
14WETTB43,14,2017-12-11,WET,TB,4,3,84,4.39,0.4,17.8,169,200,3
15EARLYDRYRB101,15,2019-02-24,EARLYDRY,RB,10,1,98,3.43,0.3,25.8,24,25,2
15EARLYDRYRB111,15,2019-02-26,EARLYDRY,RB,11,1,87,2.95,0.3,22.6,9,10,2
15EARLYDRYRB112,15,2019-02-26,EARLYDRY,RB,11,2,142,3.09,0.3,22.5,41,29,4
15EARLYDRYRB113,15,2019-02-26,EARLYDRY,RB,11,3,67,3.46,0.3,22.5,31,46,3
15EARLYDRYRB122,15,2019-02-27,EARLYDRY,RB,12,2,102,1.61,0.6,22.9,28,27,2
15EARLYDRYRB123,15,2019-02-27,EARLYDRY,RB,12,3,115,1.82,0.6,23,13,11,2
15EARLYDRYRB131,15,2019-02-24,EARLYDRY,RB,13,1,91,3.68,0.3,25.4,9,10,2
15EARLYDRYRB132,15,2019-02-24,EARLYDRY,RB,13,2,120,3.96,0.3,25.8,12,10,2
15EARLYDRYRB133,15,2019-02-24,EARLYDRY,RB,13,3,98,4.1,0.3,26,19,19,3
15EARLYDRYRB142,15,2019-02-25,EARLYDRY,RB,14,2,86,3.95,0.4,26.6,24,28,2
15EARLYDRYRB151,15,2019-02-26,EARLYDRY,RB,15,1,125,0.35,0.8,25.5,7,6,2
15EARLYDRYRB152,15,2019-02-26,EARLYDRY,RB,15,2,170,0.37,0.8,25.5,3,2,2
15EARLYDRYRB161,15,2019-02-27,EARLYDRY,RB,16,1,94,1.47,1.3,23.7,12,13,2
15EARLYDRYRB163,15,2019-02-27,EARLYDRY,RB,16,3,101,0.95,1.3,23.7,19,19,3
15EARLYDRYRB181,15,2019-02-26,EARLYDRY,RB,18,1,115,3.8,0.4,25.7,11,10,2
15EARLYDRYRB182,15,2019-02-26,EARLYDRY,RB,18,2,113,3.56,0.4,25.5,26,23,4
15EARLYDRYRB183,15,2019-02-26,EARLYDRY,RB,18,3,115,3.49,0.4,25.5,28,24,3
15EARLYDRYRB73,15,2019-02-26,EARLYDRY,RB,7,3,66,1.94,0.5,23.3,13,20,2
15EARLYDRYRB81,15,2019-02-24,EARLYDRY,RB,8,1,103,4.08,0.3,25.8,22,21,2
15EARLYDRYRB82,15,2019-02-24,EARLYDRY,RB,8,2,120,3.58,0.3,25.7,23,19,2
15EARLYDRYRB83,15,2019-02-24,EARLYDRY,RB,8,3,160,3.82,0.3,25.9,16,10,2
15EARLYDRYRB91,15,2019-02-26,EARLYDRY,RB,9,1,90,2.66,0.3,23,20,22,2
15EARLYDRYRB92,15,2019-02-26,EARLYDRY,RB,9,2,77,2.39,0.3,23,17,22,3
15EARLYDRYRB93,15,2019-02-26,EARLYDRY,RB,9,3,106,2.83,0.3,23.1,35,33,2
15EARLYDRYTB12,15,2019-02-25,EARLYDRY,TB,1,2,47,3.61,5.2,26.5,31,66,4
15EARLYDRYTB13,15,2019-02-25,EARLYDRY,TB,1,3,89,4.22,5.2,26.6,33,37,3
15EARLYDRYTB21,15,2019-02-25,EARLYDRY,TB,2,1,118,4.65,5.2,27.2,13,11,3
15EARLYDRYTB23,15,2019-02-25,EARLYDRY,TB,2,3,130,5.46,5.1,27,8,6,2
15EARLYDRYTB31,15,2019-02-25,EARLYDRY,TB,3,1,91,5.08,4.2,26.8,8,9,2
15EARLYDRYTB32,15,2019-02-25,EARLYDRY,TB,3,2,106,5.04,3.4,27,13,12,3
15EARLYDRYTB33,15,2019-02-25,EARLYDRY,TB,3,3,130,4.32,3,27.3,26,20,2
15EARLYDRYTB41,15,2019-02-25,EARLYDRY,TB,4,1,86,3.84,1.8,27,20,23,2
15EARLYDRYTB42,15,2019-02-25,EARLYDRY,TB,4,2,116,3.7,2,27.3,6,5,2
15EARLYDRYTB43,15,2019-02-25,EARLYDRY,TB,4,3,120,4.27,2.2,27.6,9,8,2
15LATEDRYRB101,15,2019-04-28,LATEDRY,RB,10,1,93,4.15,0.7,26,29,31,2
15LATEDRYRB111,15,2019-04-28,LATEDRY,RB,11,1,96,3.08,0.6,24.6,22,23,2
15LATEDRYRB112,15,2019-04-28,LATEDRY,RB,11,2,96,3.57,0.6,24.7,38,39,2
15LATEDRYRB113,15,2019-04-28,LATEDRY,RB,11,3,96,3.96,0.6,25.3,54,56,3
15LATEDRYRB121,15,2019-04-30,LATEDRY,RB,12,1,110,0.48,2.9,24.9,16,15,2
15LATEDRYRB122,15,2019-04-30,LATEDRY,RB,12,2,80,0.78,2.5,25.1,39,49,3
15LATEDRYRB123,15,2019-04-30,LATEDRY,RB,12,3,65,0.84,2.1,25.3,24,37,3
15LATEDRYRB131,15,2019-04-29,LATEDRY,RB,13,1,110,5.25,0.7,26.1,11,10,2
15LATEDRYRB132,15,2019-04-29,LATEDRY,RB,13,2,72,5.6,0.7,26.1,28,39,3
15LATEDRYRB141,15,2019-04-28,LATEDRY,RB,14,1,84,0.51,3.2,27.6,10,12,2
15LATEDRYRB142,15,2019-04-28,LATEDRY,RB,14,2,92,0.86,3.6,27.7,7,8,2
15LATEDRYRB143,15,2019-04-28,LATEDRY,RB,14,3,79,2.71,3.3,29.3,15,19,2
15LATEDRYRB163,15,2019-04-30,LATEDRY,RB,16,3,119,1.87,7.7,27.2,6,5,2
15LATEDRYRB182,15,2019-04-30,LATEDRY,RB,18,2,46,3.9,1.4,26.5,23,50,2
15LATEDRYRB183,15,2019-04-30,LATEDRY,RB,18,3,47,4.79,1.2,26.5,40,85,3
15LATEDRYRB71,15,2019-04-29,LATEDRY,RB,7,1,85,0.5,1.1,25.4,31,36,2
15LATEDRYRB82,15,2019-04-29,LATEDRY,RB,8,2,75,5.62,0.5,25.8,25,33,3
15LATEDRYRB83,15,2019-04-29,LATEDRY,RB,8,3,75,5.73,0.5,26.8,20,27,2
15LATEDRYRB91,15,2019-04-29,LATEDRY,RB,9,1,92,2.49,0.4,23.8,33,36,2
15LATEDRYRB93,15,2019-04-29,LATEDRY,RB,9,3,72,2.76,0.4,24.4,33,46,3
15TRANSRB101,15,2019-01-22,TRANS,RB,10,1,91,5.39,0.3,15.6,78,85,3
15TRANSRB101,15,2019-03-25,TRANS,RB,10,1,82,3.69,0.3,20.8,78,96,3
15TRANSRB101,15,2019-05-28,TRANS,RB,10,1,76,3.5,0.6,26.6,78,102,2
15TRANSRB102,15,2019-03-25,TRANS,RB,10,2,102,3.64,0.3,20.9,84,82,2
15TRANSRB102,15,2019-05-28,TRANS,RB,10,2,99,3.59,0.6,26.9,84,85,3
15TRANSRB103,15,2019-01-22,TRANS,RB,10,3,66,6.2,0.3,16.2,73,111,3
15TRANSRB103,15,2019-05-28,TRANS,RB,10,3,86,4.26,0.6,27.5,73,85,2
15TRANSRB111,15,2019-03-24,TRANS,RB,11,1,105,4.07,0.3,20.8,64,61,2
15TRANSRB111,15,2019-05-28,TRANS,RB,11,1,69,4.67,0.6,27,64,93,3
15TRANSRB112,15,2019-01-21,TRANS,RB,11,2,130,5.97,0.3,16.1,93,72,2
15TRANSRB112,15,2019-03-24,TRANS,RB,11,2,88,4.32,0.3,20.4,93,106,2
15TRANSRB112,15,2019-05-28,TRANS,RB,11,2,58,4.51,0.6,26.8,93,161,2
15TRANSRB113,15,2019-03-24,TRANS,RB,11,3,67,4.54,0.3,20.4,70,105,2
15TRANSRB113,15,2019-05-29,TRANS,RB,11,3,58,4.58,0.6,26.8,70,122,3
15TRANSRB131,15,2019-05-28,TRANS,RB,13,1,85,5.59,1.4,29.2,32,38,2
15TRANSRB132,15,2019-01-21,TRANS,RB,13,2,71,6.71,0.3,18.2,137,192,2
15TRANSRB132,15,2019-05-28,TRANS,RB,13,2,91,5.74,1.5,29.2,137,150,2
15TRANSRB133,15,2019-01-21,TRANS,RB,13,3,92,6.47,0.3,17.8,147,160,3
15TRANSRB133,15,2019-05-29,TRANS,RB,13,3,75,5.92,1.7,29.8,147,197,2
15TRANSRB81,15,2019-01-21,TRANS,RB,8,1,68,5.46,0.3,16.6,50,73,2
15TRANSRB81,15,2019-05-28,TRANS,RB,8,1,83,7.82,0.8,30.2,50,61,2
15TRANSRB82,15,2019-03-25,TRANS,RB,8,2,103,4.52,0.3,22.5,51,50,2
15TRANSRB83,15,2019-01-21,TRANS,RB,8,3,121,5.8,0.3,16.2,39,32,2
15TRANSRB83,15,2019-03-25,TRANS,RB,8,3,112,4.33,0.3,22.6,39,35,2
15TRANSRB91,15,2019-01-22,TRANS,RB,9,1,91,5.39,0.3,15.2,119,131,2
15TRANSRB91,15,2019-03-24,TRANS,RB,9,1,67,4.04,0.3,20.5,119,178,3
15TRANSRB91,15,2019-05-28,TRANS,RB,9,1,68,6,0.6,28.7,119,174,3
15TRANSRB92,15,2019-01-22,TRANS,RB,9,2,91,5.76,0.3,15.3,74,81,2
15TRANSRB92,15,2019-03-24,TRANS,RB,9,2,70,3.86,0.3,21.3,74,106,2
15TRANSRB92,15,2019-05-28,TRANS,RB,9,2,94,5.6,0.6,28.7,74,79,3
15TRANSRB93,15,2019-01-22,TRANS,RB,9,3,71,5.5,0.3,15.3,79,111,2
15TRANSRB93,15,2019-03-24,TRANS,RB,9,3,86,4.23,0.3,21.7,79,92,2
15TRANSRB93,15,2019-05-28,TRANS,RB,9,3,86,5.55,0.6,28.8,79,92,2
15WETRB101,15,2018-12-10,WET,RB,10,1,108,NA,0.3,21.9,11,10,2
15WETRB102,15,2018-12-10,WET,RB,10,2,97,NA,0.3,22.2,12,12,2
15WETRB103,15,2018-12-10,WET,RB,10,3,100,NA,0.3,22,26,26,3
15WETRB113,15,2018-12-10,WET,RB,11,3,67,NA,0.2,21.7,31,46,2
15WETRB122,15,2018-12-13,WET,RB,12,2,65,NA,0.4,17.3,36,55,2
15WETRB131,15,2018-12-12,WET,RB,13,1,101,NA,0.3,16.8,54,53,4
15WETRB132,15,2018-12-12,WET,RB,13,2,116,NA,0.3,17.2,39,34,3
15WETRB141,15,2018-12-12,WET,RB,14,1,89,NA,0.3,18.6,17,19,2
15WETRB143,15,2018-12-12,WET,RB,14,3,73,NA,0.3,18,13,18,2
15WETRB151,15,2018-12-13,WET,RB,15,1,99,NA,0.5,19.2,6,6,2
15WETRB152,15,2018-12-13,WET,RB,15,2,111,NA,0.5,19.3,6,5,2
15WETRB163,15,2018-12-13,WET,RB,16,3,101,NA,0.7,17.1,5,5,2
15WETRB181,15,2018-12-12,WET,RB,18,1,85,NA,0.3,17.2,20,23,2
15WETRB182,15,2018-12-12,WET,RB,18,2,77,NA,0.3,17.2,62,81,3
15WETRB183,15,2018-12-12,WET,RB,18,3,86,NA,0.3,17.3,27,31,2
15WETRB71,15,2018-12-12,WET,RB,7,1,116,NA,0.6,17.1,6,5,2
15WETRB72,15,2018-12-12,WET,RB,7,2,113,NA,0.5,17,7,6,2
15WETRB73,15,2018-12-12,WET,RB,7,3,106,NA,0.4,17.1,18,17,2
15WETRB81,15,2018-12-10,WET,RB,8,1,119,NA,0.3,22.1,10,8,2
15WETRB83,15,2018-12-10,WET,RB,8,3,73,NA,0.3,22.1,6,8,2
15WETRB91,15,2018-12-10,WET,RB,9,1,109,NA,0.3,21.8,10,9,2
15WETRB93,15,2018-12-10,WET,RB,9,3,107,NA,0.3,21.9,22,21,3
15WETTB11,15,2018-12-11,WET,TB,1,1,70,NA,2.3,21.5,18,26,2
15WETTB12,15,2018-12-11,WET,TB,1,2,111,NA,2.4,20.4,21,19,4
15WETTB13,15,2018-12-11,WET,TB,1,3,80,NA,2.4,20.1,16,20,4
15WETTB21,15,2018-12-11,WET,TB,2,1,150,NA,1.1,21.8,46,31,3
15WETTB22,15,2018-12-11,WET,TB,2,2,130,NA,2.6,22.2,25,19,4
15WETTB23,15,2018-12-11,WET,TB,2,3,42,NA,2.6,22.1,63,149,2
15WETTB31,15,2018-12-11,WET,TB,3,1,68,NA,2.4,20.8,27,40,2
15WETTB32,15,2018-12-11,WET,TB,3,2,119,NA,1.8,21,35,29,2
15WETTB41,15,2018-12-11,WET,TB,4,1,85,NA,0.7,21.1,7,8,2
15WETTB42,15,2018-12-11,WET,TB,4,2,99,NA,0.7,21.8,14,14,2
15WETTB43,15,2018-12-11,WET,TB,4,3,120,NA,0.8,21.4,13,11,2
16EARLYDRYRB101,16,2020-02-22,EARLYDRY,RB,10,1,52,6.05,0.4,18.2,28,54,2
16EARLYDRYRB102,16,2020-02-22,EARLYDRY,RB,10,2,73,5.42,0.4,19,37,51,3
16EARLYDRYRB103,16,2020-02-22,EARLYDRY,RB,10,3,77,6.04,0.4,19.7,28,36,2
16EARLYDRYRB111,16,2020-02-23,EARLYDRY,RB,11,1,76,4.4,0.3,18.9,54,71,4
16EARLYDRYRB112,16,2020-02-23,EARLYDRY,RB,11,2,68,4.55,0.4,19.2,58,85,3
16EARLYDRYRB113,16,2020-02-23,EARLYDRY,RB,11,3,30,5.51,0.3,18.8,58,191,3
16EARLYDRYRB123,16,2020-02-24,EARLYDRY,RB,12,3,138,3.45,0.6,20.8,21,15,2
16EARLYDRYRB131,16,2020-02-23,EARLYDRY,RB,13,1,67,5.1,0.5,21.5,52,77,2
16EARLYDRYRB132,16,2020-02-23,EARLYDRY,RB,13,2,74,5.04,0.5,21.7,32,43,4
16EARLYDRYRB133,16,2020-02-23,EARLYDRY,RB,13,3,70,5.15,0.5,21.5,35,50,3
16EARLYDRYRB142,16,2020-02-23,EARLYDRY,RB,14,2,99,2.08,0.9,22.3,16,16,2
16EARLYDRYRB143,16,2020-02-24,EARLYDRY,RB,14,3,42,1.76,0.9,21.1,47,112,3
16EARLYDRYRB161,16,2020-02-24,EARLYDRY,RB,16,1,126,3.52,2.2,23.2,15,12,2
16EARLYDRYRB162,16,2020-02-24,EARLYDRY,RB,16,2,148,2.83,1.9,22.2,10,7,2
16EARLYDRYRB181,16,2020-02-23,EARLYDRY,RB,18,1,86,6.01,0.6,21.7,21,24,2
16EARLYDRYRB182,16,2020-02-23,EARLYDRY,RB,18,2,94,6.06,0.5,21.6,23,25,2
16EARLYDRYRB72,16,2020-02-24,EARLYDRY,RB,7,2,106,1.11,NA,20.2,5,5,2
16EARLYDRYRB81,16,2020-02-23,EARLYDRY,RB,8,1,41,4.86,0.4,19.7,41,100,2
16EARLYDRYRB82,16,2020-02-23,EARLYDRY,RB,8,2,73,4.85,0.4,19.7,31,43,3
16EARLYDRYRB83,16,2020-02-23,EARLYDRY,RB,8,3,92,5.05,0.4,19.8,40,43,3
16EARLYDRYRB92,16,2020-02-22,EARLYDRY,RB,9,2,79,4.82,0.4,20.3,29,37,3
16EARLYDRYRB93,16,2020-02-22,EARLYDRY,RB,9,3,78,6.62,0.3,20.5,27,35,2
16EARLYDRYTB12,16,2020-02-25,EARLYDRY,TB,1,2,70,6.02,4.4,24.7,7,10,2
16EARLYDRYTB13,16,2020-02-25,EARLYDRY,TB,1,3,55,6.41,4.4,24.7,13,24,2
16EARLYDRYTB21,16,2020-02-25,EARLYDRY,TB,2,1,78,6.2,4.1,22.6,30,39,3
16EARLYDRYTB22,16,2020-02-25,EARLYDRY,TB,2,2,84,6.9,4.3,22.8,6,7,2
16EARLYDRYTB32,16,2020-02-25,EARLYDRY,TB,3,2,58,6.15,4.8,22.6,4,7,2
16EARLYDRYTB33,16,2020-02-25,EARLYDRY,TB,3,3,131,6.58,4.1,23.2,9,7,3
16EARLYDRYTB42,16,2020-02-24,EARLYDRY,TB,4,2,76,6.87,2.6,23.3,15,20,2
16LATEDRYRB101,16,2020-05-16,LATEDRY,RB,10,1,37,4.1,2.5,24.4,52,141,3
16LATEDRYRB102,16,2020-05-16,LATEDRY,RB,10,2,135,4.54,2.6,24.9,42,31,3
16LATEDRYRB103,16,2020-05-16,LATEDRY,RB,10,3,129,4.71,2.7,25.4,58,45,5
16LATEDRYRB111,16,2020-05-13,LATEDRY,RB,11,1,356,2.47,4.3,23.7,25,7,3
16LATEDRYRB112,16,2020-05-13,LATEDRY,RB,11,2,274,2.83,3.9,24.8,23,8,3
16LATEDRYRB113,16,2020-05-13,LATEDRY,RB,11,3,212,3.06,4.3,24.6,45,21,3
16LATEDRYRB131,16,2020-05-16,LATEDRY,RB,13,1,198,5.53,6.4,26.3,24,12,4
16LATEDRYRB132,16,2020-05-16,LATEDRY,RB,13,2,168,5.87,6.3,26.6,6,4,2
16LATEDRYRB133,16,2020-05-16,LATEDRY,RB,13,3,161,6.3,6.3,26.8,5,3,2
16LATEDRYRB81,16,2020-05-13,LATEDRY,RB,8,1,92,5.01,5,25.8,29,32,3
16LATEDRYRB82,16,2020-05-13,LATEDRY,RB,8,2,97,5.23,4.6,25.9,31,32,3
16LATEDRYRB83,16,2020-05-13,LATEDRY,RB,8,3,120,4.32,4.4,25.7,44,37,5
16LATEDRYRB91,16,2020-05-13,LATEDRY,RB,9,1,225,3.4,4.1,24.9,57,25,4
16LATEDRYRB92,16,2020-05-13,LATEDRY,RB,9,2,317,4.4,4,24.5,50,16,4
16LATEDRYRB93,16,2020-05-13,LATEDRY,RB,9,3,254,4.8,3.6,24.6,71,28,5
16TRANSRB101,16,2020-06-26,TRANS,RB,10,1,94,NA,0.3,30.5,39,41,2
16TRANSRB111,16,2020-01-19,TRANS,RB,11,1,76,5.19,0.3,21.2,23,30,2
16TRANSRB112,16,2020-01-19,TRANS,RB,11,2,66,5.57,0.3,21.3,39,59,2
16TRANSRB113,16,2020-06-26,TRANS,RB,11,3,79,3.48,0.4,32.7,56,71,2
16TRANSRB131,16,2020-06-26,TRANS,RB,13,1,128,2.88,0.4,31.5,32,25,2
16TRANSRB82,16,2020-01-20,TRANS,RB,8,2,52,4.6,0.3,21.6,38,73,2
16TRANSRB83,16,2020-01-20,TRANS,RB,8,3,82,4.49,0.3,21.8,42,51,4
16TRANSRB91,16,2020-01-19,TRANS,RB,9,1,44,5.23,0.3,20.5,28,64,2
16TRANSRB91,16,2020-06-26,TRANS,RB,9,1,120,1.82,0.3,29.8,28,23,2
16TRANSRB92,16,2020-01-19,TRANS,RB,9,2,60,5.59,0.3,20.7,21,35,2
16TRANSRB93,16,2020-01-19,TRANS,RB,9,3,42,5.63,0.3,21.1,42,100,3
16WETRB113,16,2019-12-11,WET,RB,11,3,46,6.4,0.2,23,35,76,2
16WETRB133,16,2019-12-11,WET,RB,13,3,53,5.03,0.3,22.1,17,32,2
16WETRB143,16,2019-12-11,WET,RB,14,3,75,7.19,0.3,22.9,20,27,2
16WETRB152,16,2019-12-12,WET,RB,15,2,130,2.76,0.5,22.9,12,9,2
16WETRB153,16,2019-12-12,WET,RB,15,3,86,3.06,0.5,22.9,7,8,2
16WETRB181,16,2019-12-12,WET,RB,18,1,50,4.95,0.2,22.7,7,14,2
16WETRB182,16,2019-12-12,WET,RB,18,2,56,5.4,0.2,22.8,13,23,2
16WETRB71,16,2019-12-11,WET,RB,7,1,96,3.04,0.8,22.6,5,5,2
16WETRB91,16,2019-12-10,WET,RB,9,1,77,5.14,0.3,22,18,23,2
16WETTB11,16,2019-12-13,WET,TB,1,1,88,3.55,2.4,23.8,16,18,2
16WETTB12,16,2019-12-13,WET,TB,1,2,48,4.83,2.8,23.9,10,21,2
16WETTB23,16,2019-12-13,WET,TB,2,3,103,4.86,1.7,24.4,30,29,2
16WETTB43,16,2019-12-13,WET,TB,4,3,55,3.9,0.8,22.6,27,49,2
17EARLYDRYRB101,17,2021-02-19,EARLYDRY,RB,10,1,67,2.85,0.3,25.7,20,30,2
17EARLYDRYRB102,17,2021-02-19,EARLYDRY,RB,10,2,98,3.02,0.3,25.8,19,19,2
17EARLYDRYRB111,17,2021-02-19,EARLYDRY,RB,11,1,88,3.12,0.3,26.6,40,46,3
17EARLYDRYRB112,17,2021-02-19,EARLYDRY,RB,11,2,74,3.98,0.3,26.8,9,12,3
17EARLYDRYRB113,17,2021-02-19,EARLYDRY,RB,11,3,79,4.58,0.3,27.2,15,19,2
17EARLYDRYRB121,17,2021-02-21,EARLYDRY,RB,12,1,80,3.81,0.6,20.1,46,57,2
17EARLYDRYRB122,17,2021-02-21,EARLYDRY,RB,12,2,94,4.24,0.5,20.4,49,52,3
17EARLYDRYRB123,17,2021-02-21,EARLYDRY,RB,12,3,85,4.67,0.4,20.6,19,22,2
17EARLYDRYRB131,17,2021-02-19,EARLYDRY,RB,13,1,80,3.6,0.3,26.4,9,11,2
17EARLYDRYRB132,17,2021-02-20,EARLYDRY,RB,13,2,76,3.16,0.3,23.3,7,9,2
17EARLYDRYRB133,17,2021-02-20,EARLYDRY,RB,13,3,76,3.44,0.3,23.2,16,21,2
17EARLYDRYRB142,17,2021-02-21,EARLYDRY,RB,14,2,76,4.11,0.4,21.9,27,35,4
17EARLYDRYRB143,17,2021-02-21,EARLYDRY,RB,14,3,92,4.59,0.4,22.1,18,20,3
17EARLYDRYRB151,17,2021-02-21,EARLYDRY,RB,15,1,86,2.37,0.8,22.8,15,18,2
17EARLYDRYRB152,17,2021-02-21,EARLYDRY,RB,15,2,100,2.65,0.8,22.8,14,14,3
17EARLYDRYRB153,17,2021-02-22,EARLYDRY,RB,15,3,140,1.08,0.8,23.3,8,6,3
17EARLYDRYRB163,17,2021-02-21,EARLYDRY,RB,16,3,100,3.13,1,21.3,50,50,2
17EARLYDRYRB181,17,2021-02-20,EARLYDRY,RB,18,1,82,3.57,0.3,23.9,9,11,2
17EARLYDRYRB182,17,2021-02-20,EARLYDRY,RB,18,2,67,3.98,0.3,23.6,26,39,2
17EARLYDRYRB73,17,2021-02-20,EARLYDRY,RB,7,3,93,3.66,0.3,22.3,13,14,2
17EARLYDRYRB81,17,2021-02-20,EARLYDRY,RB,8,1,75,3.38,0.3,23,19,25,2
17EARLYDRYRB82,17,2021-02-20,EARLYDRY,RB,8,2,74,3.26,0.3,22.5,17,23,2
17EARLYDRYTB11,17,2021-02-22,EARLYDRY,TB,1,1,80,4.15,1.8,23.3,5,6,2
17EARLYDRYTB12,17,2021-02-22,EARLYDRY,TB,1,2,63,4.73,1.7,23.7,38,61,4
17EARLYDRYTB13,17,2021-02-22,EARLYDRY,TB,1,3,75,4.41,1.8,23.7,17,23,2
17EARLYDRYTB21,17,2021-02-22,EARLYDRY,TB,2,1,75,4.48,1.3,24.1,43,57,4
17EARLYDRYTB22,17,2021-02-22,EARLYDRY,TB,2,2,77,6.62,1.4,24.5,55,72,3
17EARLYDRYTB31,17,2021-02-22,EARLYDRY,TB,3,1,87,2.72,1.2,22.1,21,24,2
17EARLYDRYTB32,17,2021-02-22,EARLYDRY,TB,3,2,82,2.57,1.1,22.2,62,75,2
17EARLYDRYTB33,17,2021-02-22,EARLYDRY,TB,3,3,109,2.78,1,22.4,17,16,3
17EARLYDRYTB41,17,2021-02-22,EARLYDRY,TB,4,1,83,2.52,0.9,22.4,43,52,2
17EARLYDRYTB42,17,2021-02-22,EARLYDRY,TB,4,2,62,2.71,0.9,22.5,28,45,2
17EARLYDRYTB43,17,2021-02-22,EARLYDRY,TB,4,3,118,2.98,0.9,22.5,23,19,2
17TRANSRB101,17,2021-01-23,TRANS,RB,10,1,88,4.86,0.2,20.4,186,212,2
17TRANSRB101,17,2021-03-19,TRANS,RB,10,1,84,3.02,0.3,24.7,186,221,3
17TRANSRB101,17,2021-04-16,TRANS,RB,10,1,113,2.87,0.4,24.5,186,165,3
17TRANSRB101,17,2021-05-22,TRANS,RB,10,1,85,2.59,0.5,24,186,218,3
17TRANSRB101,17,2021-06-22,TRANS,RB,10,1,74,2.45,0.4,29.9,186,250,3
17TRANSRB102,17,2021-01-23,TRANS,RB,10,2,86,4.95,0.2,20.7,141,165,2
17TRANSRB102,17,2021-03-19,TRANS,RB,10,2,91,3.29,0.3,25.1,141,155,2
17TRANSRB102,17,2021-04-16,TRANS,RB,10,2,86,3.11,0.4,24.4,141,164,2
17TRANSRB102,17,2021-05-22,TRANS,RB,10,2,75,2.92,0.5,24.3,141,189,3
17TRANSRB102,17,2021-06-22,TRANS,RB,10,2,82,2.42,0.4,29.8,141,171,3
17TRANSRB103,17,2021-01-23,TRANS,RB,10,3,120,5.4,0.2,21,109,91,2
17TRANSRB103,17,2021-03-19,TRANS,RB,10,3,94,3.78,0.3,25.5,109,116,2
17TRANSRB103,17,2021-04-16,TRANS,RB,10,3,65,2.96,0.4,24.5,109,168,2
17TRANSRB103,17,2021-05-22,TRANS,RB,10,3,77,2.87,0.5,24.8,109,141,4
17TRANSRB111,17,2021-01-24,TRANS,RB,11,1,93,4.51,0.2,21,114,123,2
17TRANSRB111,17,2021-04-16,TRANS,RB,11,1,91,3.03,0.4,26.2,114,125,3
17TRANSRB111,17,2021-05-22,TRANS,RB,11,1,92,4.21,0.5,26.5,114,125,4
17TRANSRB111,17,2021-06-22,TRANS,RB,11,1,104,3.2,0.5,30.4,114,110,2
17TRANSRB112,17,2021-01-24,TRANS,RB,11,2,91,4.72,0.2,20.8,89,98,2
17TRANSRB112,17,2021-03-20,TRANS,RB,11,2,86,3.56,0.3,20.3,89,103,3
17TRANSRB112,17,2021-05-22,TRANS,RB,11,2,103,3.37,0.5,26.3,89,86,2
17TRANSRB112,17,2021-06-22,TRANS,RB,11,2,100,2.99,0.4,30.3,89,89,2
17TRANSRB113,17,2021-01-24,TRANS,RB,11,3,81,5.04,0.2,21.3,263,324,2
17TRANSRB113,17,2021-04-16,TRANS,RB,11,3,73,3.98,0.4,28,263,362,2
17TRANSRB113,17,2021-05-22,TRANS,RB,11,3,49,3.2,0.4,26.1,263,533,4
17TRANSRB123,17,2021-05-24,TRANS,RB,12,3,94,1.44,1.7,25.5,10,11,2
17TRANSRB131,17,2021-04-17,TRANS,RB,13,1,103,3.61,0.4,26.2,95,92,2
17TRANSRB131,17,2021-05-23,TRANS,RB,13,1,65,4.62,0.7,25.7,95,147,3
17TRANSRB131,17,2021-06-22,TRANS,RB,13,1,59,2.08,0.5,29.5,95,161,2
17TRANSRB132,17,2021-01-23,TRANS,RB,13,2,42,5.12,0.3,20.9,115,272,2
17TRANSRB132,17,2021-03-20,TRANS,RB,13,2,107,4.22,0.3,23,115,107,2
17TRANSRB132,17,2021-04-17,TRANS,RB,13,2,95,3.42,0.4,26.3,115,121,3
17TRANSRB132,17,2021-05-23,TRANS,RB,13,2,87,5.02,0.7,26.4,115,133,2
17TRANSRB132,17,2021-06-22,TRANS,RB,13,2,74,2.18,0.5,29.4,115,154,2
17TRANSRB133,17,2021-01-23,TRANS,RB,13,3,87,5.3,0.3,21.1,133,152,2
17TRANSRB133,17,2021-03-20,TRANS,RB,13,3,87,4.45,0.4,23,133,153,3
17TRANSRB133,17,2021-04-17,TRANS,RB,13,3,95,3.21,0.4,26.4,133,140,2
17TRANSRB133,17,2021-06-22,TRANS,RB,13,3,70,2.19,0.5,29.4,133,189,3
17TRANSRB142,17,2021-05-23,TRANS,RB,14,2,134,1.3,1.5,26.4,13,10,2
17TRANSRB143,17,2021-05-23,TRANS,RB,14,3,80,1.9,1.5,26.3,23,29,2
17TRANSRB151,17,2021-05-24,TRANS,RB,15,1,114,5.48,5.7,27.4,10,9,2
17TRANSRB153,17,2021-05-24,TRANS,RB,15,3,105,4.48,4.8,27,4,4,2
17TRANSRB162,17,2021-05-24,TRANS,RB,16,2,140,4.45,4,27.2,11,8,2
17TRANSRB163,17,2021-05-24,TRANS,RB,16,3,144,5.6,4,27.3,16,11,2
17TRANSRB182,17,2021-05-23,TRANS,RB,18,2,61,5.24,0.8,26.2,28,46,4
17TRANSRB71,17,2021-05-23,TRANS,RB,7,1,149,0.3,1.8,25.1,6,4,2
17TRANSRB73,17,2021-05-23,TRANS,RB,7,3,90,0.36,1.7,25.1,45,50,2
17TRANSRB81,17,2021-01-24,TRANS,RB,8,1,72,4.05,0.3,19.8,241,333,2
17TRANSRB81,17,2021-03-20,TRANS,RB,8,1,78,3.58,0.3,22.1,241,311,2
17TRANSRB81,17,2021-04-16,TRANS,RB,8,1,69,3.77,0.4,26.9,241,349,2
17TRANSRB81,17,2021-05-23,TRANS,RB,8,1,47,3.25,0.5,24.7,241,512,4
17TRANSRB81,17,2021-06-22,TRANS,RB,8,1,135,2.15,0.5,29,241,179,3
17TRANSRB82,17,2021-01-24,TRANS,RB,8,2,63,4.41,0.2,20.2,147,232,2
17TRANSRB82,17,2021-03-20,TRANS,RB,8,2,84,4,0.3,22.2,147,174,2
17TRANSRB82,17,2021-05-23,TRANS,RB,8,2,61,3.03,0.5,25,147,242,4
17TRANSRB82,17,2021-06-22,TRANS,RB,8,2,87,2.61,0.4,29.4,147,169,2
17TRANSRB83,17,2021-01-24,TRANS,RB,8,3,93,4.32,0.3,20.5,178,192,3
17TRANSRB83,17,2021-03-20,TRANS,RB,8,3,53,4.41,0.3,22.6,178,337,2
17TRANSRB83,17,2021-04-17,TRANS,RB,8,3,128,3.03,0.4,25.8,178,139,2
17TRANSRB83,17,2021-05-23,TRANS,RB,8,3,125,2.76,0.5,25.1,178,142,3
17TRANSRB83,17,2021-06-22,TRANS,RB,8,3,124,2.51,0.4,29.7,178,144,3
17TRANSRB91,17,2021-01-23,TRANS,RB,9,1,112,4.71,0.2,21,113,101,2
17TRANSRB91,17,2021-03-19,TRANS,RB,9,1,105,3.7,0.3,25.7,113,108,2
17TRANSRB91,17,2021-04-16,TRANS,RB,9,1,80,2.87,0.4,25,113,142,2
17TRANSRB91,17,2021-05-22,TRANS,RB,9,1,86,4.31,0.5,25.6,113,131,2
17TRANSRB91,17,2021-06-22,TRANS,RB,9,1,92,2.28,0.4,29.4,113,123,2
17TRANSRB92,17,2021-01-23,TRANS,RB,9,2,77,4.56,0.2,21.2,112,145,3
17TRANSRB92,17,2021-03-19,TRANS,RB,9,2,90,3.53,0.3,25.9,112,124,2
17TRANSRB92,17,2021-04-16,TRANS,RB,9,2,57,2.74,0.4,25.2,112,196,2
17TRANSRB92,17,2021-05-22,TRANS,RB,9,2,82,2.87,0.5,25.4,112,136,4
17TRANSRB92,17,2021-06-22,TRANS,RB,9,2,83,2.15,0.4,29.2,112,135,3
17TRANSRB93,17,2021-01-23,TRANS,RB,9,3,78,4.85,0.2,21.4,127,162,2
17TRANSRB93,17,2021-03-19,TRANS,RB,9,3,100,3.9,0.3,26.1,127,127,2
17TRANSRB93,17,2021-04-16,TRANS,RB,9,3,77,3.16,0.4,25.8,127,164,2
17TRANSRB93,17,2021-05-22,TRANS,RB,9,3,82,2.75,0.5,25.3,127,156,2
17TRANSRB93,17,2021-06-22,TRANS,RB,9,3,85,2.05,0.4,29.5,127,149,2
17TRANSTB11,17,2021-05-24,TRANS,TB,1,1,68,5.91,6.2,27.8,5,7,2
17TRANSTB13,17,2021-05-24,TRANS,TB,1,3,62,6.14,6.4,27.2,9,15,3
17TRANSTB21,17,2021-05-25,TRANS,TB,2,1,97,5.72,7.2,25.4,20,21,4
17TRANSTB32,17,2021-05-24,TRANS,TB,3,2,91,6.3,5,25.3,20,22,3
17TRANSTB33,17,2021-05-24,TRANS,TB,3,3,100,6.14,4.4,25.7,44,44,2
17TRANSTB41,17,2021-05-24,TRANS,TB,4,1,70,5.7,3.8,26,27,39,3
17TRANSTB42,17,2021-05-24,TRANS,TB,4,2,64,5.64,4.1,25.8,10,16,2
17TRANSTB43,17,2021-05-24,TRANS,TB,4,3,94,5.75,3.6,26.3,11,12,2
17WETRB101,17,NA,WET,RB,10,1,77,3.68,0.2,22.7,12,16,2
17WETRB102,17,NA,WET,RB,10,2,98,4.16,0.2,22.8,18,18,2
17WETRB111,17,NA,WET,RB,11,1,78,4.11,0.2,23.6,27,35,2
17WETRB112,17,NA,WET,RB,11,2,98,3.89,0.2,23.9,10,10,2
17WETRB123,17,2020-12-17,WET,RB,12,3,108,3.13,0.2,23,5,5,2
17WETRB131,17,2020-12-16,WET,RB,13,1,78,3.58,0.2,23.2,6,8,2
17WETRB132,17,2020-12-16,WET,RB,13,2,78,3.61,0.2,23.2,19,24,2
17WETRB163,17,2020-12-17,WET,RB,16,3,100,3.7,0.2,22.2,4,4,2
17WETRB81,17,NA,WET,RB,8,1,91,3.88,0.2,23.5,19,21,2
17WETRB83,17,2020-12-16,WET,RB,8,3,78,3.23,0.2,23.3,16,21,2
17WETTB11,17,2020-12-18,WET,TB,1,1,87,4.4,0.3,21.7,19,22,3
17WETTB13,17,2020-12-18,WET,TB,1,3,59,4.56,0.4,20.7,17,29,2
17WETTB21,17,2020-12-17,WET,TB,2,1,98,4.32,0.3,25.1,16,16,3
17WETTB22,17,2020-12-17,WET,TB,2,2,81,5.4,0.4,24.7,46,57,3
17WETTB43,17,2020-12-17,WET,TB,4,3,112,3.89,0.3,23.7,11,10,2
18EARLYDRYRB101,18,2022-02-13,EARLYDRY,RB,10,1,72,6,0.3,20.8,95,132,3
18EARLYDRYRB102,18,2022-02-13,EARLYDRY,RB,10,2,96,6.17,0.3,21.2,5,5,2
18EARLYDRYRB111,18,2022-02-13,EARLYDRY,RB,11,1,88,5.98,0.2,21.6,8,9,2
18EARLYDRYRB122,18,2022-02-12,EARLYDRY,RB,12,2,119,3.78,0.5,19.9,9,8,2
18EARLYDRYRB123,18,2022-02-12,EARLYDRY,RB,12,3,109,3.54,0.5,19.9,13,12,2
18EARLYDRYRB141,18,2022-02-12,EARLYDRY,RB,14,1,73,3.68,0.5,21.6,9,12,2
18EARLYDRYRB142,18,2022-02-13,EARLYDRY,RB,14,2,77,4.49,0.4,20.9,8,10,2
18EARLYDRYRB182,18,2022-02-12,EARLYDRY,RB,18,2,78,5.27,0.4,22.5,13,17,2
18EARLYDRYRB81,18,2022-02-13,EARLYDRY,RB,8,1,67,6.04,0.3,20.5,6,9,2
18EARLYDRYRB83,18,2022-02-13,EARLYDRY,RB,8,3,51,5.76,0.2,20.7,3,6,2
18EARLYDRYRB93,18,2022-02-13,EARLYDRY,RB,9,3,97,5.34,0.3,21.4,12,12,2
18EARLYDRYTB11,18,2022-02-11,EARLYDRY,TB,1,1,79,4.75,1.9,22.4,25,32,3
18EARLYDRYTB12,18,2022-02-11,EARLYDRY,TB,1,2,61,4.95,2,22.1,14,23,2
18EARLYDRYTB21,18,2022-02-11,EARLYDRY,TB,2,1,105,4.58,1.5,23.3,24,23,2
18EARLYDRYTB31,18,2022-02-11,EARLYDRY,TB,3,1,92,3.39,1.1,20.7,23,25,2
18EARLYDRYTB32,18,2022-02-11,EARLYDRY,TB,3,2,84,3.54,1,20.9,13,15,2
18EARLYDRYTB33,18,2022-02-11,EARLYDRY,TB,3,3,60,3.05,0.9,21.1,28,46,2
18EARLYDRYTB41,18,2022-02-11,EARLYDRY,TB,4,1,82,2.94,0.8,21.5,10,12,2
18EARLYDRYTB42,18,2022-02-11,EARLYDRY,TB,4,2,78,3.12,0.8,21.9,23,29,3
18EARLYDRYTB43,18,2022-02-11,EARLYDRY,TB,4,3,58,3.11,0.8,22,72,125,3
18LATEDRYRB102,18,2022-05-04,LATEDRY,RB,10,2,88,4.22,0.3,27,4,5,2
18LATEDRYRB111,18,2022-05-04,LATEDRY,RB,11,1,112,3.56,0.3,27.5,56,50,2
18LATEDRYRB112,18,2022-05-04,LATEDRY,RB,11,2,120,3.62,0.3,28.1,11,9,2
18LATEDRYRB113,18,2022-05-04,LATEDRY,RB,11,3,107,4.25,0.3,29.5,16,15,2
18LATEDRYRB132,18,2022-05-05,LATEDRY,RB,13,2,95,3.59,0.3,27.8,13,14,2
18LATEDRYRB133,18,2022-05-05,LATEDRY,RB,13,3,89,3.78,0.3,28.2,16,18,2
18LATEDRYRB141,18,2022-05-05,LATEDRY,RB,14,1,90,2.2,0.5,26.3,8,9,2
18LATEDRYRB142,18,2022-05-05,LATEDRY,RB,14,2,65,2.01,0.5,26.2,16,25,2
18LATEDRYRB143,18,2022-05-05,LATEDRY,RB,14,3,66,2.45,0.5,26.3,16,24,2
18LATEDRYRB161,18,2022-05-06,LATEDRY,RB,16,1,88,1.68,1.9,26.9,29,33,3
18LATEDRYRB181,18,2022-05-05,LATEDRY,RB,18,1,115,3.35,0.4,26.6,16,14,2
18LATEDRYRB182,18,2022-05-05,LATEDRY,RB,18,2,86,3.55,0.4,26.8,62,73,3
18LATEDRYRB71,18,2022-05-05,LATEDRY,RB,7,1,140,2.04,0.5,26.6,16,11,3
18LATEDRYRB82,18,2022-05-04,LATEDRY,RB,8,2,70,3.57,0.3,26.7,10,14,2
18LATEDRYRB83,18,2022-05-04,LATEDRY,RB,8,3,100,3.7,0.3,26.5,7,7,2
18LATEDRYTB13,18,2022-05-07,LATEDRY,TB,1,3,85,3.45,5.4,29.8,9,11,2
18LATEDRYTB23,18,2022-05-07,LATEDRY,TB,2,3,96,4.44,5.3,29.5,14,15,2
18LATEDRYTB32,18,2022-05-06,LATEDRY,TB,3,2,111,5.25,3.7,30.5,3,3,2
18LATEDRYTB42,18,2022-05-06,LATEDRY,TB,4,2,130,4.05,1.8,30,22,17,2
18LATEDRYTB43,18,2022-05-06,LATEDRY,TB,4,3,80,4.1,1.8,30,9,11,2
18TRANSRB101,18,2022-01-16,TRANS,RB,10,1,60,5.42,0.3,18.9,84,140,2
18TRANSRB101,18,2022-03-12,TRANS,RB,10,1,97,3.62,0.3,26.6,84,86,2
18TRANSRB101,18,2022-04-09,TRANS,RB,10,1,50,3.77,0.3,22.5,84,169,2
18TRANSRB102,18,2022-01-16,TRANS,RB,10,2,107,5.69,0.3,19.1,36,34,2
18TRANSRB102,18,2022-04-10,TRANS,RB,10,2,69,NA,0.3,21.3,36,52,2
18TRANSRB103,18,2022-06-10,TRANS,RB,10,3,107,NA,0.2,29.3,33,31,2
18TRANSRB112,18,2022-03-12,TRANS,RB,11,2,90,3.5,0.3,26.2,19,21,2
18TRANSRB113,18,2022-06-10,TRANS,RB,11,3,109,NA,0.2,29.8,48,44,3
18TRANSRB131,18,2022-03-13,TRANS,RB,13,1,47,3.55,0.4,20.5,55,118,3
18TRANSRB131,18,2022-04-10,TRANS,RB,13,1,72,NA,0.3,20.8,55,76,2
18TRANSRB131,18,2022-06-10,TRANS,RB,13,1,44,2.32,0.2,27.7,55,126,2
18TRANSRB132,18,2022-01-15,TRANS,RB,13,2,79,5.29,0.3,18.4,72,91,3
18TRANSRB132,18,2022-04-10,TRANS,RB,13,2,43,NA,0.3,20.5,72,167,3
18TRANSRB133,18,2022-01-15,TRANS,RB,13,3,86,5.42,0.3,18.5,62,72,3
18TRANSRB133,18,2022-03-13,TRANS,RB,13,3,56,4.23,0.4,19.9,62,111,3
18TRANSRB81,18,2022-03-12,TRANS,RB,8,1,97,5.15,0.3,26.9,48,49,2
18TRANSRB82,18,2022-04-10,TRANS,RB,8,2,89,NA,0.3,20.2,66,74,2
18TRANSRB82,18,2022-06-11,TRANS,RB,8,2,103,NA,0.2,27.3,66,64,2
18TRANSRB83,18,2022-03-12,TRANS,RB,8,3,96,5.07,0.3,26.5,32,33,2
18TRANSRB91,18,2022-03-12,TRANS,RB,9,1,100,3.4,0.3,26.6,49,49,2
18TRANSRB91,18,2022-06-10,TRANS,RB,9,1,122,3.07,0.2,28.6,49,40,2
18TRANSRB93,18,2022-01-16,TRANS,RB,9,3,86,5.07,0.3,19.5,26,30,2
18TRANSRB93,18,2022-06-10,TRANS,RB,9,3,73,NA,0.2,29,26,36,2
18WETRB112,18,2021-12-09,WET,RB,11,2,98,3.65,0.3,23.9,10,10,3
18WETRB122,18,2021-12-11,WET,RB,12,2,155,3.31,0.3,22.2,9,6,2
18WETRB123,18,2021-12-11,WET,RB,12,3,163,3.22,0.3,22.3,9,6,2
18WETRB133,18,2021-12-09,WET,RB,13,3,75,3.75,0.3,24.4,12,16,2
18WETRB161,18,2021-12-11,WET,RB,16,1,127,3.24,0.4,23.4,40,31,3
18WETRB83,18,2021-12-09,WET,RB,8,3,64,3.52,0.3,24,5,8,2
18WETRB93,18,2021-12-10,WET,RB,9,3,300,3.2,0.3,34.3,5,2,2
18WETTB11,18,2021-12-11,WET,TB,1,1,56,4.25,0.5,25,14,25,2
18WETTB12,18,2021-12-11,WET,TB,1,2,48,4.74,0.8,25,12,25,2
18WETTB13,18,2021-12-11,WET,TB,1,3,60,4.3,0.8,24.1,15,25,2
18WETTB21,18,2021-12-11,WET,TB,2,1,112,4.93,0.6,25.3,24,21,2
18WETTB22,18,2021-12-11,WET,TB,2,2,82,5.4,0.7,25.6,23,28,2
18WETTB23,18,2021-12-11,WET,TB,2,3,105,5.15,0.7,25.6,34,32,3
18WETTB31,18,2021-12-12,WET,TB,3,1,86,3.84,0.5,23.9,21,24,2
18WETTB32,18,2021-12-12,WET,TB,3,2,90,3.46,0.4,23.8,17,19,2
18WETTB33,18,2021-12-12,WET,TB,3,3,95,3.85,0.4,24.2,23,24,2
18WETTB41,18,2021-12-12,WET,TB,4,1,68,3.75,0.4,24.3,15,22,2
19EARLYDRYRB113,19,2023-02-10,EARLYDRY,RB,11,3,103,5.98,0.3,26.1,15,15,2
19EARLYDRYRB123,19,2023-02-11,EARLYDRY,RB,12,3,105,3.77,0.3,23.2,12,11,2
19EARLYDRYRB151,19,2023-02-11,EARLYDRY,RB,15,1,125,2.92,0.4,25,8,6,2
19EARLYDRYRB152,19,2023-02-11,EARLYDRY,RB,15,2,106,3.16,0.4,25,13,12,3
19EARLYDRYRB161,19,2023-02-11,EARLYDRY,RB,16,1,120,2.98,1,24.3,4,3,2
19EARLYDRYRB162,19,2023-02-11,EARLYDRY,RB,16,2,114,3.45,0.9,24.2,7,6,2
19EARLYDRYRB71,19,2023-02-12,EARLYDRY,RB,7,1,99,2.75,0.4,23.3,12,12,2
19EARLYDRYRB73,19,2023-02-12,EARLYDRY,RB,7,3,71,3.05,0.3,22.9,17,24,2
19EARLYDRYRB83,19,2023-02-10,EARLYDRY,RB,8,3,86,5.01,0.3,25,12,14,3
19EARLYDRYRB91,19,2023-02-10,EARLYDRY,RB,9,1,120,3.66,0.3,22.9,7,6,2
19EARLYDRYTB12,19,2023-02-13,EARLYDRY,TB,1,2,99,6,1.9,22.8,18,18,3
19EARLYDRYTB13,19,2023-02-13,EARLYDRY,TB,1,3,65,5.4,1.9,21.7,19,29,3
19EARLYDRYTB21,19,2023-02-13,EARLYDRY,TB,2,1,108,5.86,2.1,23.3,27,25,2
19EARLYDRYTB23,19,2023-02-13,EARLYDRY,TB,2,3,74,6.57,2.1,23.1,15,20,3
19EARLYDRYTB31,19,2023-02-12,EARLYDRY,TB,3,1,72,5,1.9,25,10,14,2
19EARLYDRYTB32,19,2023-02-12,EARLYDRY,TB,3,2,90,5.24,1.5,25,17,19,2
19EARLYDRYTB33,19,2023-02-12,EARLYDRY,TB,3,3,94,5.19,1.3,24.9,29,31,2
19EARLYDRYTB41,19,2023-02-12,EARLYDRY,TB,4,1,84,4.64,1,24.8,12,14,2
19EARLYDRYTB42,19,2023-02-12,EARLYDRY,TB,4,2,96,4.21,0.8,24.7,34,35,2
19LATEDRYRB101,19,2023-05-06,LATEDRY,RB,10,1,88,3.1,0.3,26.9,35,40,3
19LATEDRYRB102,19,2023-05-06,LATEDRY,RB,10,2,90,4.1,0.3,27.6,12,13,2
19LATEDRYRB111,19,2023-05-06,LATEDRY,RB,11,1,100,3.3,0.3,27.2,14,14,2
19LATEDRYRB113,19,2023-05-06,LATEDRY,RB,11,3,96,3.5,0.3,27.2,24,25,2
19LATEDRYRB121,19,2023-05-24,LATEDRY,RB,12,1,133,2.24,0.4,25.5,12,9,2
19LATEDRYRB131,19,2023-05-23,LATEDRY,RB,13,1,103,3.17,0.3,27.7,21,20,2
19LATEDRYRB132,19,2023-05-23,LATEDRY,RB,13,2,90,3.53,0.3,28.1,32,36,3
19LATEDRYRB133,19,2023-05-23,LATEDRY,RB,13,3,90,3.1,0.3,28.3,34,38,3
19LATEDRYRB142,19,2023-05-23,LATEDRY,RB,14,2,91,4.17,0.3,29.1,13,14,2
19LATEDRYRB161,19,2023-05-24,LATEDRY,RB,16,1,104,1.84,2.1,26.6,4,4,2
19LATEDRYRB181,19,2023-05-23,LATEDRY,RB,18,1,105,4.03,0.3,28.2,10,10,2
19LATEDRYRB182,19,2023-05-23,LATEDRY,RB,18,2,109,4.19,0.3,29,8,7,2
19LATEDRYRB183,19,2023-05-23,LATEDRY,RB,18,3,96,3.69,0.3,28.8,19,20,2
19LATEDRYRB73,19,2023-05-23,LATEDRY,RB,7,3,98,3.49,0.3,26.6,15,15,2
19LATEDRYRB91,19,2023-05-06,LATEDRY,RB,9,1,82,3.3,0.3,25.9,10,12,2
19TRANSRB101,19,2023-04-14,TRANS,RB,10,1,100,3.3,0.3,26.5,60,60,3
19TRANSRB101,19,2023-06-05,TRANS,RB,10,1,95,2.49,0.2,27.4,60,63,2
19TRANSRB102,19,2023-06-05,TRANS,RB,10,2,99,2.5,0.2,27.4,31,31,2
19TRANSRB111,19,2023-01-16,TRANS,RB,11,1,81,7.98,0.2,14.6,37,46,2
19TRANSRB111,19,2023-03-12,TRANS,RB,11,1,99,3.27,0.3,23.5,37,37,2
19TRANSRB111,19,2023-04-14,TRANS,RB,11,1,111,3.02,0.3,24.8,37,33,2
19TRANSRB111,19,2023-06-05,TRANS,RB,11,1,109,2.11,0.2,27.7,37,34,2
19TRANSRB112,19,2023-03-12,TRANS,RB,11,2,103,3.17,0.3,23.3,57,55,2
19TRANSRB112,19,2023-04-14,TRANS,RB,11,2,82,3.4,0.3,25,57,69,2
19TRANSRB112,19,2023-06-05,TRANS,RB,11,2,100,2.2,0.2,27.4,57,57,2
19TRANSRB113,19,2023-01-16,TRANS,RB,11,3,94,8.72,0.2,16.1,55,58,2
19TRANSRB113,19,2023-03-12,TRANS,RB,11,3,93,3.26,0.3,23.1,55,59,2
19TRANSRB131,19,2023-01-16,TRANS,RB,13,1,55,7.38,0.3,14.7,37,67,3
19TRANSRB131,19,2023-03-12,TRANS,RB,13,1,78,3.93,0.3,24,37,48,2
19TRANSRB131,19,2023-04-14,TRANS,RB,13,1,77,4.29,0.4,27.1,37,48,2
19TRANSRB132,19,2023-03-12,TRANS,RB,13,2,94,3.94,0.3,24.1,46,49,2
19TRANSRB132,19,2023-04-14,TRANS,RB,13,2,105,4.44,0.4,26.3,46,44,3
19TRANSRB133,19,2023-01-16,TRANS,RB,13,3,106,7.36,0.3,14.6,41,39,2
19TRANSRB133,19,2023-04-14,TRANS,RB,13,3,96,4.21,0.4,26.3,41,43,2
19TRANSRB81,19,2023-06-05,TRANS,RB,8,1,94,2.34,0.2,28.1,35,37,2
19TRANSRB82,19,2023-04-15,TRANS,RB,8,2,95,3.91,0.3,26.8,32,34,2
19TRANSRB83,19,2023-01-16,TRANS,RB,8,3,100,7.36,0.2,13.9,41,41,3
19TRANSRB83,19,2023-03-12,TRANS,RB,8,3,123,4.42,0.3,24.4,41,33,2
19TRANSRB83,19,2023-04-15,TRANS,RB,8,3,92,3.88,0.3,26.7,41,45,2
19TRANSRB83,19,2023-06-05,TRANS,RB,8,3,99,2.44,0.2,28.4,41,41,2
19TRANSRB92,19,2023-01-17,TRANS,RB,9,2,91,6.42,0.3,15.1,22,24,2
19TRANSRB92,19,2023-03-11,TRANS,RB,9,2,97,3.9,0.3,23.7,22,23,2
19TRANSRB93,19,2023-01-17,TRANS,RB,9,3,94,6.55,0.3,15.2,24,26,3
19TRANSRB93,19,2023-03-11,TRANS,RB,9,3,107,4.09,0.3,24.3,24,22,2
19WETRB102,19,2022-12-09,WET,RB,10,2,101,3.8,0.2,24.2,8,8,2
19WETRB111,19,2022-12-09,WET,RB,11,1,104,4,0.2,22.8,6,6,2
19WETRB113,19,2022-12-09,WET,RB,11,3,116,3.9,0.2,23.2,4,3,2
19WETRB133,19,2022-12-09,WET,RB,13,3,74,4.2,0.2,23.1,12,16,2
19WETRB143,19,2022-12-08,WET,RB,14,3,109,4.2,0.3,24.1,8,7,2
19WETRB153,19,2022-12-10,WET,RB,15,3,100,3.8,0.3,23.5,5,5,2
19WETRB171,19,2022-12-08,WET,RB,17,1,96,4.5,0.3,24.2,8,8,2
19WETRB172,19,2022-12-08,WET,RB,17,2,88,4.2,0.3,24,4,5,2
19WETRB173,19,2022-12-08,WET,RB,17,3,89,4.1,0.3,23.9,27,30,3
19WETRB72,19,2022-12-10,WET,RB,7,2,125,2.9,0.3,21.9,9,7,2
19WETTB12,19,2022-12-10,WET,TB,1,2,74,4.3,0.9,23.3,21,29,4
19WETTB13,19,2022-12-10,WET,TB,1,3,68,4.6,0.9,22.6,19,28,3
19WETTB22,19,2022-12-11,WET,TB,2,2,53,4.7,0.8,23.7,30,57,3
19WETTB31,19,2022-12-10,WET,TB,3,1,98,4.7,0.6,24.2,114,117,5
19WETTB32,19,2022-12-10,WET,TB,3,2,100,4,0.4,23.6,75,75,4
19WETTB33,19,2022-12-10,WET,TB,3,3,116,4,0.4,23.7,48,41,3
19WETTB41,19,2022-12-10,WET,TB,4,1,106,4,0.4,24.1,9,8,2
19WETTB43,19,2022-12-10,WET,TB,4,3,111,4.4,0.4,23,9,8,2
5TRANSTB41,5,2008-11-04,TRANS,TB,4,1,120,6.91,0.4,25.1,29,24,3
5TRANSTB51,5,2008-11-04,TRANS,TB,5,1,122,4.48,0.3,25.3,38,31,3
7EARLYDRYRB101,7,2011-03-05,EARLYDRY,RB,10,1,119,3.2,0.3,21.3,115,97,4
7EARLYDRYRB102,7,2011-03-05,EARLYDRY,RB,10,2,88,3.9,0.5,22.7,48,55,3
7EARLYDRYTB12,7,2011-02-25,EARLYDRY,TB,1,2,167,1.89,8,26,8,5,2
7LATEDRYRB101,7,2011-05-10,LATEDRY,RB,10,1,127,3.7,9.1,28.5,35,28,2
7LATEDRYRB102,7,2011-05-10,LATEDRY,RB,10,2,132,3.2,8.5,28.2,33,25,3
7LATEDRYRB103,7,2011-05-10,LATEDRY,RB,10,3,102,4.3,7.9,28.4,48,47,2
7LATEDRYRB111,7,2011-05-10,LATEDRY,RB,11,1,95,3.6,10.7,28.4,15,16,3
7LATEDRYRB112,7,2011-05-10,LATEDRY,RB,11,2,98,4.2,10.1,28.7,19,19,2
7LATEDRYRB113,7,2011-05-10,LATEDRY,RB,11,3,101,3.3,9.5,28.1,62,61,3
7LATEDRYRB133,7,2011-05-12,LATEDRY,RB,13,3,68,4.4,13.4,28.7,5,7,2
7LATEDRYRB81,7,2011-05-11,LATEDRY,RB,8,1,92,2.8,10.6,26.9,16,17,2
7LATEDRYRB82,7,2011-05-11,LATEDRY,RB,8,2,112,2.8,10.3,26.9,10,9,2
7LATEDRYRB83,7,2011-05-11,LATEDRY,RB,8,3,117,3,10.3,26.9,9,8,2
7LATEDRYRB91,7,2011-05-11,LATEDRY,RB,9,1,108,1.1,8.7,26.7,10,9,2
7LATEDRYRB92,7,2011-05-11,LATEDRY,RB,9,2,99,3.2,8.6,26.8,31,31,2
7LATEDRYRB93,7,2011-05-11,LATEDRY,RB,9,3,146,3.4,8.8,27.3,30,21,3
7TRANSRB101,7,2011-02-10,TRANS,RB,10,1,174,3.9,0.4,28,161,93,2
7TRANSRB101,7,2011-03-28,TRANS,RB,10,1,96,3.1,1.2,24.2,161,168,3
7TRANSRB101,7,2011-04-22,TRANS,RB,10,1,165,2.4,4.8,24.3,161,98,4
7TRANSRB101,7,2011-06-05,TRANS,RB,10,1,112,4.7,5,28.2,161,144,3
7TRANSRB102,7,2011-01-22,TRANS,RB,10,2,175,4.67,0.3,21,161,92,2
7TRANSRB102,7,2011-02-10,TRANS,RB,10,2,115,3.6,0.4,23.3,161,140,2
7TRANSRB102,7,2011-03-28,TRANS,RB,10,2,93,3.7,1.1,24.8,161,173,3
7TRANSRB102,7,2011-04-22,TRANS,RB,10,2,115,2.6,4.9,24.6,161,140,3
7TRANSRB102,7,2011-06-05,TRANS,RB,10,2,115,5.4,5,29,161,140,3
7TRANSRB103,7,2011-02-10,TRANS,RB,10,3,162,6.33,0.4,19.5,199,123,3
7TRANSRB103,7,2011-03-28,TRANS,RB,10,3,93,4.4,1.2,25.2,199,214,2
7TRANSRB103,7,2011-04-22,TRANS,RB,10,3,109,2.8,4.3,24.8,199,183,5
7TRANSRB103,7,2011-06-05,TRANS,RB,10,3,148,6.3,5,28.9,199,134,4
7TRANSRB111,7,2011-02-12,TRANS,RB,11,1,101,5.65,0.4,17.4,200,198,3
7TRANSRB111,7,2011-03-24,TRANS,RB,11,1,88,7.2,0.9,25.2,200,227,3
7TRANSRB111,7,2011-04-15,TRANS,RB,11,1,126,5.6,7.5,27.6,200,159,3
7TRANSRB111,7,2011-06-05,TRANS,RB,11,1,97,6,5.6,28.8,200,206,2
7TRANSRB112,7,2011-01-22,TRANS,RB,11,2,100,3.2,0.3,20.8,332,332,2
7TRANSRB112,7,2011-02-12,TRANS,RB,11,2,79,5.65,0.4,17.7,332,420,2
7TRANSRB112,7,2011-03-27,TRANS,RB,11,2,108,4.9,1.3,24.6,332,307,5
7TRANSRB112,7,2011-04-21,TRANS,RB,11,2,106,4.5,6.1,26.5,332,313,3
7TRANSRB112,7,2011-06-05,TRANS,RB,11,2,139,5.1,5.6,28.3,332,239,2
7TRANSRB113,7,2011-01-22,TRANS,RB,11,3,NA,4.62,0.3,20.9,480,NA,2
7TRANSRB113,7,2011-02-13,TRANS,RB,11,3,116,6.24,0.4,16.3,480,414,4
7TRANSRB113,7,2011-03-27,TRANS,RB,11,3,102,5.9,1.4,25.9,480,471,4
7TRANSRB113,7,2011-04-21,TRANS,RB,11,3,111,4.8,5.2,27.1,480,432,4
7TRANSRB113,7,2011-06-05,TRANS,RB,11,3,96,5,5.5,28.5,480,500,3
7TRANSRB131,7,2011-01-23,TRANS,RB,13,1,56,4.52,0.3,17.8,74,132,2
7TRANSRB131,7,2011-03-25,TRANS,RB,13,1,98,5,4,24.1,74,76,3
7TRANSRB131,7,2011-04-16,TRANS,RB,13,1,119,4.7,10.7,27.6,74,62,3
7TRANSRB131,7,2011-06-06,TRANS,RB,13,1,104,3.81,7.9,28.7,74,71,2
7TRANSRB132,7,2011-02-11,TRANS,RB,13,2,130,4.16,0.4,22.2,115,88,2
7TRANSRB132,7,2011-03-25,TRANS,RB,13,2,130,4.6,4.6,24.6,115,88,3
7TRANSRB132,7,2011-04-16,TRANS,RB,13,2,150,4.9,10.2,27.6,115,77,3
7TRANSRB133,7,2011-01-23,TRANS,RB,13,3,85,5.37,0.3,16.9,99,116,2
7TRANSRB133,7,2011-02-11,TRANS,RB,13,3,115,3.35,0.4,22.3,99,86,2
7TRANSRB133,7,2011-03-25,TRANS,RB,13,3,101,4.8,4.6,24.8,99,98,4
7TRANSRB133,7,2011-04-16,TRANS,RB,13,3,150,5.2,10.3,28.1,99,66,3
7TRANSRB133,7,2011-06-06,TRANS,RB,13,3,81,4.9,7.5,28.9,99,122,2
7TRANSRB81,7,2011-06-06,TRANS,RB,8,1,85,4.5,6.4,28.2,89,105,2
7TRANSRB82,7,2011-03-25,TRANS,RB,8,2,100,5.2,1.9,25,137,137,3
7TRANSRB82,7,2011-04-21,TRANS,RB,8,2,134,2.9,6.7,26.7,137,102,4
7TRANSRB82,7,2011-06-06,TRANS,RB,8,2,100,5,6.1,28.5,137,137,3
7TRANSRB83,7,2011-03-25,TRANS,RB,8,3,98,6,1.4,25.4,139,142,3
7TRANSRB83,7,2011-04-21,TRANS,RB,8,3,166,4,6,27.2,139,84,3
7TRANSRB83,7,2011-06-06,TRANS,RB,8,3,108,4.8,5.9,29.1,139,129,3
7TRANSRB91,7,2011-01-23,TRANS,RB,9,1,180,5.63,0.3,14.8,167,93,2
7TRANSRB91,7,2011-02-11,TRANS,RB,9,1,123,2.96,0.4,22.1,167,136,2
7TRANSRB91,7,2011-03-24,TRANS,RB,9,1,94,5.7,0.9,23,167,178,2
7TRANSRB91,7,2011-04-15,TRANS,RB,9,1,112,2.8,4.7,24.1,167,149,3
7TRANSRB91,7,2011-06-05,TRANS,RB,9,1,107,3.5,5.1,26.5,167,156,3
7TRANSRB92,7,2011-01-23,TRANS,RB,9,2,145,5.96,0.3,14.9,143,99,2
7TRANSRB92,7,2011-02-11,TRANS,RB,9,2,102,2.89,0.3,21.9,143,140,2
7TRANSRB92,7,2011-03-24,TRANS,RB,9,2,106,5.8,0.8,23.1,143,135,2
7TRANSRB92,7,2011-04-15,TRANS,RB,9,2,117,3.6,4.6,25,143,122,3
7TRANSRB92,7,2011-06-05,TRANS,RB,9,2,104,3.4,5,26.8,143,138,2
7TRANSRB93,7,2011-01-23,TRANS,RB,9,3,92,6.64,0.3,15.5,236,257,2
7TRANSRB93,7,2011-03-24,TRANS,RB,9,3,112,4.9,0.7,23.5,236,211,4
7TRANSRB93,7,2011-04-15,TRANS,RB,9,3,148,4,4.8,25.3,236,159,3
7TRANSRB93,7,2011-06-05,TRANS,RB,9,3,85,4,5,27,236,278,2
7WETRB102,7,2010-12-17,WET,RB,10,2,149,7.46,0.3,13.8,6,4,2
7WETRB111,7,2010-12-17,WET,RB,11,1,163,7.27,0.3,12.5,1,1,2
7WETRB163,7,2010-12-16,WET,RB,16,3,130,6.43,0.8,11.7,2,2,2
8TRANSRB81,8,2012-08-23,TRANS,RB,8,1,84,2.87,0.2,30.8,44,52,2
8TRANSRB83,8,2012-08-23,TRANS,RB,8,3,121,2.86,0.2,31,63,52,3
9EARLYDRYRB172,9,2013-03-01,EARLYDRY,RB,17,2,81,4.4,0.3,20.5,29,36,2
9LATEDRYRB92,9,2013-04-17,LATEDRY,RB,9,2,64,1.95,0.6,21,75,117,4
9TRANSRB101,9,2013-07-01,TRANS,RB,10,1,109,2.47,0.1,28.6,77,71,2
9TRANSRB172,9,2013-07-23,TRANS,RB,17,2,120,2.56,0.1,31.3,64,53,2
9TRANSRB173,9,2013-07-23,TRANS,RB,17,3,114,2.79,0.1,31.5,55,48,2
9TRANSRB182,9,2013-07-23,TRANS,RB,18,2,102,2.31,0.1,31.3,67,66,2
9TRANSRB92,9,2013-03-16,TRANS,RB,9,2,62,4.8,0.3,18.3,79,127,4
9TRANSTB11,9,2013-01-26,TRANS,TB,1,1,77,2,2.7,20.6,79,103,3
9WETTB11,9,2012-12-13,WET,TB,1,1,90,2.9,0.4,24.9,14,16,3
9WETTB12,9,2012-12-13,WET,TB,1,2,94,4.5,0.8,25,13,14,2
9WETTB21,9,2012-12-13,WET,TB,2,1,90,3.5,0.4,25,14,16,2
9WETTB22,9,2012-12-13,WET,TB,2,2,124,5.5,0.7,25.5,8,6,2
9WETTB23,9,2012-12-13,WET,TB,2,3,97,5.6,0.6,25.1,25,26,2
