Class,Order,Family,Genus
Bivalvia,Ostreida,Pinnidae,Atrina
Gastropoda,Littorinimorpha,Cymatiidae,Fusitriton
Cephalopoda,Oegopsida,Onychoteuthidae,Moroteuthopsis
Bivalvia,Pectinida,Pectinidae,Pecten
Bivalvia,Mytilida,Mytilidae,Perna
Cephalopoda,Myopsida,Loliginidae,Sepioteuthis
Cephalopoda,Spirulida,Spirulidae,Spirula
Bivalvia,Ostreida,Ostreidae,Ostrea
Gastropoda,Littorinimorpha,Carinariidae,Cardiapoda
Cephalopoda,Octopoda,Enteroctopodidae,Enteroctopus
Cephalopoda,Octopoda,Alloposidae,Haliphron
Bivalvia,Venerida,Mactridae,Spisula
Bivalvia,Mytilida,Mytilidae,Musculus
Cephalopoda,Oegopsida,Onychoteuthidae,Onykia
Gastropoda,Neogastropoda,Volutidae,Provocator
Gastropoda,Lepetellida,Fissurellidae,Scutus
Cephalopoda,Oegopsida,Octopoteuthidae,Taningia
Cephalopoda,Oegopsida,Cranchiidae,Bathothauma
Cephalopoda,Oegopsida,Brachioteuthidae,Brachioteuthis
Cephalopoda,Oegopsida,Cranchiidae,Cranchia
Cephalopoda,Oegopsida,Enoploteuthidae,Enoploteuthis
Cephalopoda,Sepiolida,Sepiolidae,Euprymna
Cephalopoda,Oegopsida,Cranchiidae,Helicocranchia
Cephalopoda,Sepiolida,Sepiolidae,Heteroteuthis
Cephalopoda,Oegopsida,Histioteuthidae,Histioteuthis
Cephalopoda,Oegopsida,Cranchiidae,Leachia
Cephalopoda,Oegopsida,Cranchiidae,Liocranchia
Cephalopoda,Oegopsida,Lycoteuthidae,Lycoteuthis
Cephalopoda,Oegopsida,Mastigoteuthidae,Mastigopsis
Cephalopoda,Oegopsida,Cranchiidae,Megalocranchia
Cephalopoda,Oegopsida,Cranchiidae,Teuthowenia
Cephalopoda,Oegopsida,Ommastrephidae,Nototodarus
Cephalopoda,Octopoda,Ocythoidae,Ocythoe
Cephalopoda,Oegopsida,Onychoteuthidae,Onychoteuthis
Cephalopoda,Oegopsida,Pyroteuthidae,Pterygioteuthis
Cephalopoda,Oegopsida,Pyroteuthidae,Pyroteuthis
Cephalopoda,Oegopsida,Cranchiidae,Sandalops
Cephalopoda,Oegopsida,Cranchiidae,Taonius
Cephalopoda,Oegopsida,Ommastrephidae,Todarodes
Cephalopoda,Octopoda,Tremoctopodidae,Tremoctopus
Cephalopoda,Myopsida,Loliginidae,Doryteuthis
Bivalvia,Carditida,Astartidae,Astarte
Bivalvia,Carditida,Carditidae,Cyclocardia
Bivalvia,Mytilida,Modiolidae,Modiolus
Bivalvia,Mytilida,Mytilidae,Mytilus
Bivalvia,Venerida,Veneridae,Agriopoma
Bivalvia,Pectinida,Pectinidae,Placopecten
Bivalvia,Venerida,Arcticidae,Arctica
Gastropoda,Neogastropoda,Buccinidae,Buccinum
Bivalvia,Pectinida,Pectinidae,Chlamys
Bivalvia,Venerida,Veneridae,Mercenaria
Gastropoda,Neogastropoda,Buccinidae,Neptunea
Gastropoda,Littorinimorpha,Naticidae,Euspira
Cephalopoda,Oegopsida,Ommastrephidae,Illex
Bivalvia,Nuculida,Nuculidae,Acila
Cephalopoda,Octopoda,Enteroctopodidae,Muusoctopus
Cephalopoda,Oegopsida,Gonatidae,Berryteuthis
Bivalvia,Venerida,Veneridae,Compsomyax
Bivalvia,Lucinida,Thyasiridae,Conchocele
Bivalvia,NA,Lyonsiidae,Entodesma
Gastropoda,Littorinimorpha,Naticidae,Neverita
Cephalopoda,Oegopsida,Gonatidae,Gonatus
Cephalopoda,Octopoda,Amphitretidae,Japetella
Bivalvia,Lucinida,Lucinidae,Lucinoma
Bivalvia,Cardiida,Tellinidae,Macoma
Bivalvia,Nuculanida,Yoldiidae,Megayoldia
Bivalvia,Myida,Myidae,Mya
Cephalopoda,Octopoda,Octopodidae,Octopus
Bivalvia,NA,Pandoridae,Pandora
Cephalopoda,Sepiolida,Sepiolidae,Rossia
Bivalvia,Solemyida,Solemyidae,Petrasma
Bivalvia,Nuculanida,Yoldiidae,Yoldia
Cephalopoda,Oegopsida,Enoploteuthidae,Abraliopsis
Bivalvia,Cardiida,Semelidae,Abra
Gastropoda,Neogastropoda,Muricidae,Acanthinucella
Bivalvia,Cardiida,Cardiidae,Acanthocardia
Polyplacophora,Chitonida,Acanthochitonidae,Acanthochitona
Gastropoda,Doridida,Acanthodorididae,Acanthodoris
Gastropoda,Caenogastropoda incertae sedis,Turritellidae,Tachyrhynchus
Gastropoda,Littorinimorpha,Littorinidae,Littorina
Gastropoda,Neogastropoda,Muricidae,Nucella
Gastropoda,Patellida,Patellidae,Patella
Gastropoda,Nacellida,Lottiidae,Tectura
Gastropoda,Cephalaspidea,Eoscaphandridae,Cylichnoides
Bivalvia,Nuculanida,Yoldiidae,Portlandia
Gastropoda,Trochida,Margaritesidae,Margarites
Gastropoda,Littorinimorpha,Eulimidae,Aclis
Gastropoda,Nacellida,Eoacmaeidae,Eoacmaea
Bivalvia,Cardiida,Cardiidae,Vasticardium
Bivalvia,Cardiida,Cardiidae,Acrosterigma
Gastropoda,Cephalaspidea,Cylichnidae,Cylichnella
Gastropoda,Cephalaspidea,Tornatinidae,Acteocina
Gastropoda,Cephalaspidea,Cylichnidae,Truncacteocina
Gastropoda,NA,Acteonidae,Japonactaeon
Gastropoda,NA,Acteonidae,Acteon
Gastropoda,Littorinimorpha,Littorinidae,Melarhaphe
Gastropoda,Trochida,Trochidae,Steromphala
Gastropoda,Doridida,Onchidorididae,Adalaria
Gastropoda,Neogastropoda,Cancellariidae,Admete
Gastropoda,Cephalaspidea,Cylichnidae,Cylichna
Bivalvia,Lucinida,Thyasiridae,Adontorhina
Bivalvia,Nuculanida,Nuculanidae,Adrana
Gastropoda,Doridida,Aegiridae,Aegires
Gastropoda,Nudibranchia,Aeolidiidae,Aeolidia
Gastropoda,Nudibranchia,Aeolidiidae,Aeolidiella
Bivalvia,Pectinida,Pectinidae,Aequipecten
Gastropoda,Neogastropoda,Columbellidae,Aesopus
Gastropoda,Neogastropoda,Mangeliidae,Agathotoma
Gastropoda,Cephalaspidea,Aglajidae,Aglaja
Gastropoda,Cephalaspidea,Laonidae,Retusophiline
Gastropoda,Neogastropoda,Ancillariidae,Alocospira
Gastropoda,Aplysiida,Akeridae,Akera
Gastropoda,Caenogastropoda incertae sedis,Litiopidae,Alaba
Gastropoda,NA,Limapontiidae,Alderia
Gastropoda,Doridida,Cadlinidae,Aldisa
Gastropoda,Neogastropoda,Columbellidae,Alia
Gastropoda,Neogastropoda,Columbellidae,Mitrella
Bivalvia,Galeommatida,Lasaeidae,Kelliopsis
Cephalopoda,Myopsida,Loliginidae,Alloteuthis
Gastropoda,Littorinimorpha,Rissoidae,Alvania
Gastropoda,Littorinimorpha,Rissoidae,Frigidoalvania
Gastropoda,Littorinimorpha,Rissoidae,Benthonellania
Gastropoda,Littorinimorpha,Rissoidae,Crisilla
Gastropoda,Caenogastropoda incertae sedis,Epitoniidae,Amaea
Gastropoda,Littorinimorpha,Naticidae,Amauropsis
Bivalvia,Cardiida,Cardiidae,Americardia
Gastropoda,NA,Omalogyridae,Ammonicera
Gastropoda,Neogastropoda,Volutidae,Amoria
Bivalvia,Nuculanida,Yoldiidae,Yoldiella
Gastropoda,Cephalaspidea,Retusidae,Retusa
Bivalvia,Nuculida,Nuculidae,Ennucula
Gastropoda,Nacellida,Lottiidae,Testudinalia
Gastropoda,Neogastropoda,Columbellidae,Amphissa
Gastropoda,Littorinimorpha,Anabathridae,Amphithalamus
Bivalvia,Pectinida,Pectinidae,Ylistrum
Bivalvia,Pectinida,Pectinidae,Amusium
Bivalvia,Mytilida,Mytilidae,Arcuatula
Bivalvia,Mytilida,Mytilidae,Amygdalum
Gastropoda,Neogastropoda,Columbellidae,Costoanachis
Gastropoda,Neogastropoda,Columbellidae,Cotonopsis
Gastropoda,Neogastropoda,Columbellidae,Suturoglypta
Gastropoda,Neogastropoda,Columbellidae,Parvanachis
Gastropoda,Neogastropoda,Columbellidae,Falsuszafrona
Bivalvia,Arcida,Arcidae,Anadara
Bivalvia,Arcida,Arcidae,Mabellarca
Bivalvia,Arcida,Arcidae,Lunarca
Bivalvia,Venerida,Anatinellidae,Anatina
Gastropoda,Lepetellida,Anatomidae,Anatoma
Gastropoda,Neogastropoda,Ancillariidae,Ancillista
Gastropoda,Doridida,Goniodorididae,Ancula
Gastropoda,Trochida,Angariidae,Angaria
Bivalvia,Cardiida,Tellinidae,Bosemprella
Bivalvia,Cardiida,Tellinidae,Macomangulus
Bivalvia,Pectinida,Pectinidae,Annachlamys
Bivalvia,Lucinida,Lucinidae,Anodontia
Bivalvia,Venerida,Veneridae,Anomalocardia
Bivalvia,Pectinida,Anomiidae,Anomia
Bivalvia,Pectinida,Anomiidae,Heteranomia
Scaphopoda,Dentaliida,Dentaliidae,Antalis
Bivalvia,Venerida,Veneridae,Antigona
Gastropoda,Neogastropoda,Nassariidae,Antillophos
Gastropoda,Aplysiida,Aplysiidae,Aplysia
Gastropoda,NA,Hermaeidae,Aplysiopsis
Gastropoda,Littorinimorpha,Aporrhaidae,Aporrhais
Bivalvia,Arcida,Arcidae,Lamarcka
Bivalvia,Arcida,Arcidae,Arca
Bivalvia,Arcida,Arcidae,Tetrarca
Gastropoda,Doridida,Dorididae,Doris
Gastropoda,NA,Architectonicidae,Architectonica
Bivalvia,Venerida,Chamidae,Arcinella
Bivalvia,Cardiida,Tellinidae,Arcopagia
Bivalvia,Arcida,Noetiidae,Arcopsis
Gastropoda,Trochida,Areneidae,Arene
Bivalvia,Galeommatida,Lasaeidae,Kurtiella
Bivalvia,Pectinida,Pectinidae,Argopecten
Bivalvia,Cardiida,Cardiidae,Ciliatocardium
Bivalvia,Nuculanida,Nuculanidae,Nuculana
Gastropoda,Nudibranchia,Arminidae,Armina
Gastropoda,Littorinimorpha,Rissoidae,Boreocingula
Bivalvia,Lucinida,Thyasiridae,Thyasira
Bivalvia,Cardiida,Psammobiidae,Asaphis
Gastropoda,Neogastropoda,Mangeliidae,Curtitoma
Gastropoda,NA,Volvatellidae,Ascobulla
Gastropoda,Littorinimorpha,Littorinidae,Lacuna
Gastropoda,Littorinimorpha,Assimineidae,Angustassiminea
Gastropoda,Littorinimorpha,Assimineidae,Assiminea
Gastropoda,Trochida,Calliostomatidae,Astele
Bivalvia,NA,Thraciidae,Asthenothaerus
Gastropoda,Trochida,Turbinidae,Lithopoma
Gastropoda,Neogastropoda,Columbellidae,Astyris
Gastropoda,Littorinimorpha,Eulimidae,Oceanida
Gastropoda,Cephalaspidea,Haminoeidae,Aliculastrum
Gastropoda,Cephalaspidea,Haminoeidae,Atys
Gastropoda,Ellobiida,Ellobiidae,Leucophytia
Bivalvia,Galeommatida,Galeommatidae,Axinodon
Bivalvia,Lucinida,Thyasiridae,Axinopsida
Bivalvia,Lucinida,Thyasiridae,Axinulus
Gastropoda,Neogastropoda,Mangeliidae,Bactrocythara
Gastropoda,Littorinimorpha,Eulimidae,Melanella
Bivalvia,Myida,Teredinidae,Bankia
Bivalvia,Arcida,Arcidae,Barbatia
Gastropoda,Littorinimorpha,Barleeiidae,Barleeia
Bivalvia,Myida,Pholadidae,Barnea
Bivalvia,Arcida,Arcidae,Bathyarca
Gastropoda,Neogastropoda,Drilliidae,Bellaspira
Gastropoda,NA,Murchisonellidae,Murchisonella
Gastropoda,Pleurobranchida,Pleurobranchidae,Berthella
Gastropoda,Littorinimorpha,Cymatiidae,Gyrineum
Gastropoda,Caenogastropoda incertae sedis,Cerithiidae,Bittiolum
Gastropoda,Caenogastropoda incertae sedis,Cerithiidae,Bittium
Gastropoda,Trochida,Turbinidae,Bolma
Gastropoda,NA,Pyramidellidae,Boonea
Gastropoda,Nudibranchia,Bornellidae,Bornella
Bivalvia,Mytilida,Mytilidae,Brachidontes
Gastropoda,Neogastropoda,Mangeliidae,Brachycythara
Bivalvia,NA,Lyonsiidae,Lyonsia
Gastropoda,NA,Pyramidellidae,Brachystomia
Gastropoda,Littorinimorpha,Bursidae,Bufonaria
Gastropoda,Cephalaspidea,Bullidae,Bulla
Gastropoda,Littorinimorpha,Bursidae,Dulcerana
Bivalvia,NA,Thraciidae,Bushia
Gastropoda,Neogastropoda,Busyconidae,Busycotypus
Gastropoda,Neogastropoda,Busyconidae,Busycon
Gastropoda,Neogastropoda,Busyconidae,Fulguropsis
Bivalvia,NA,Thraciidae,Thracia
Gastropoda,Doridida,Cadlinidae,Cadlina
Scaphopoda,Gadilida,Gadilidae,Gadila
Scaphopoda,Gadilida,Gadilidae,Cadulus
Scaphopoda,Gadilida,Gadilidae,Polyschides
Gastropoda,Littorinimorpha,Caecidae,Caecum
Gastropoda,Littorinimorpha,Caecidae,Meioceras
Gastropoda,Trochida,Calliostomatidae,Calliostoma
Bivalvia,Venerida,Veneridae,Callista
Polyplacophora,Callochitonida,Callochitonidae,Callochiton
Gastropoda,Littorinimorpha,Skeneopsidae,Skeneopsis
Gastropoda,Nudibranchia,Facelinidae,Caloria
Gastropoda,Neogastropoda,Muricidae,Calotrophon
Gastropoda,Trochida,Trochidae,Calthalotia
Gastropoda,Littorinimorpha,Calyptraeidae,Calyptraea
Gastropoda,Neogastropoda,Cancellariidae,Cancellaria
Gastropoda,Neogastropoda,Mitridae,Domiporta
Gastropoda,Neogastropoda,Pisaniidae,Solenosteira
Gastropoda,Trochida,Solariellidae,Solariella
Gastropoda,Littorinimorpha,Capulidae,Capulus
Polyplacophora,Chitonida,Tonicellidae,Lepidochitona
Bivalvia,NA,Cuspidariidae,Cardiomya
Bivalvia,Carditida,Carditidae,Cardita
Bivalvia,Carditida,Carditidae,Cardites
Bivalvia,Carditida,Condylocardiidae,Carditellona
Gastropoda,NA,Pyramidellidae,Bacteridium
Bivalvia,Myida,Corbulidae,Caryocorbula
Gastropoda,Littorinimorpha,Cassidae,Casmaria
Gastropoda,Nudibranchia,Trinchesiidae,Catriona
Bivalvia,Cardiida,Cardiidae,Cerastoderma
Bivalvia,Cardiida,Cardiidae,Parvicardium
Gastropoda,Littorinimorpha,Iravadiidae,Ceratia
Gastropoda,Doridida,Chromodorididae,Ceratosoma
Gastropoda,Caenogastropoda incertae sedis,Potamididae,Cerithideopsis
Gastropoda,Caenogastropoda incertae sedis,Cerithiopsidae,Cerithiopsis
Gastropoda,Caenogastropoda incertae sedis,Cerithiidae,Varicopeza
Gastropoda,Caenogastropoda incertae sedis,Newtoniellidae,Retilaskeya
Gastropoda,Caenogastropoda incertae sedis,Cerithiidae,Cerithium
Gastropoda,Neogastropoda,Drilliidae,Cerodrillia
Caudofoveata,Chaetodermatida,Chaetodermatidae,Chaetoderma
Polyplacophora,Chitonida,Chaetopleuridae,Chaetopleura
Bivalvia,Venerida,Chamidae,Chama
Bivalvia,Venerida,Veneridae,Chamelea
Gastropoda,Neogastropoda,Chauvetiidae,Chauvetia
Gastropoda,Neogastropoda,Muricidae,Chicomurex
Gastropoda,Neogastropoda,Muricidae,Chicoreus
Bivalvia,Venerida,Veneridae,Chione
Bivalvia,Venerida,Veneridae,Chioneryx
Bivalvia,Venerida,Veneridae,Chionopsis
Bivalvia,Venerida,Veneridae,Lirophora
Polyplacophora,Chitonida,Chitonidae,Chiton
Bivalvia,Pectinida,Pectinidae,Talochlamys
Bivalvia,Pectinida,Pectinidae,Mimachlamys
Bivalvia,Galeommatida,Lasaeidae,Lasaea
Bivalvia,Mytilida,Mytilidae,Dacrydium
Gastropoda,NA,Pyramidellidae,Parthenina
Gastropoda,NA,Cimidae,Cima
Gastropoda,Littorinimorpha,Rissoidae,Cingula
Bivalvia,Venerida,Veneridae,Circe
Bivalvia,Venerida,Veneridae,Redicirce
Bivalvia,Venerida,Veneridae,Venus
Gastropoda,Littorinimorpha,Vitrinellidae,Circulus
Gastropoda,Caenogastropoda incertae sedis,Epitoniidae,Cirsotrema
Bivalvia,Venerida,Veneridae,Clausinella
Bivalvia,NA,Clavagellidae,Dianadema
Gastropoda,Neogastropoda,Drilliidae,Clavus
Bivalvia,Cardiida,Cardiidae,Keenocardium
Bivalvia,Cardiida,Cardiidae,Clinocardium
Gastropoda,Littorinimorpha,Tornidae,Cochliolepis
Bivalvia,NA,Periplomatidae,Cochlodesma
Bivalvia,Lucinida,Lucinidae,Clathrolucina
Bivalvia,Lucinida,Lucinidae,Codakia
Bivalvia,Lucinida,Lucinidae,Ctena
Bivalvia,Lucinida,Lucinidae,Parvilucina
Gastropoda,Cephalaspidea,Colpodaspididae,Colpodaspis
Gastropoda,Neogastropoda,Colubrariidae,Colubraria
Gastropoda,Neogastropoda,Columbellidae,Columbella
Gastropoda,Neogastropoda,Colidae,Colus
Gastropoda,Neogastropoda,Buccinidae,Latisipho
Scaphopoda,Gadilida,Gadilida incertae sedis,Compressidens
Bivalvia,Pectinida,Pectinidae,Decatopecten
Gastropoda,Neogastropoda,Conidae,Conasprella
Gastropoda,Neogastropoda,Conidae,Conus
Bivalvia,Venerida,Veneridae,Cooperella
Gastropoda,Neogastropoda,Muricidae,Coralliophila
Bivalvia,Myida,Corbulidae,Juliacorbula
Bivalvia,Myida,Corbulidae,Corbula
Bivalvia,Myida,Corbulidae,Varicorbula
Gastropoda,Nudibranchia,Flabellinidae,Coryphella
Gastropoda,Neogastropoda,Columbellidae,Cosmioconcha
Bivalvia,Pectinida,Propeamussiidae,Similipecten
Bivalvia,Carditida,Crassatellidae,Crassinella
Gastropoda,Neogastropoda,Pseudomelatomidae,Pilsbryspira
Gastropoda,Neogastropoda,Pseudomelatomidae,Pyrgospira
Bivalvia,Ostreida,Ostreidae,Magallana
Bivalvia,Ostreida,Ostreidae,Crassostrea
Gastropoda,Nudibranchia,Facelinidae,Cratena
Bivalvia,Mytilida,Mytilidae,Crenella
Bivalvia,Mytilida,Mytilidae,Solamen
Gastropoda,Littorinimorpha,Calyptraeidae,Bostrycapulus
Gastropoda,Littorinimorpha,Calyptraeidae,Crepidula
Gastropoda,Littorinimorpha,Calyptraeidae,Crepipatella
Gastropoda,Doridida,Polyceridae,Crimora
Gastropoda,Neogastropoda,Clathurellidae,Crockerella
Gastropoda,Neogastropoda,Muricidae,Ergalatax
Gastropoda,Neogastropoda,Mangeliidae,Cryoturris
Gastropoda,Neogastropoda,Mangeliidae,Tenaturris
Gastropoda,Nacellida,Lepetidae,Lepeta
Bivalvia,Myida,Myidae,Cryptomya
Gastropoda,Littorinimorpha,Naticidae,Cryptonatica
Bivalvia,Myida,Pholadidae,Cyrtopleura
Bivalvia,Cardiida,Cardiidae,Ctenocardia
Bivalvia,Limida,Limidae,Ctenoides
Bivalvia,Arcida,Cucullaeidae,Cucullaea
Bivalvia,Cardiida,Semelidae,Cumingia
Bivalvia,Carditida,Carditidae,Goniocuna
Bivalvia,NA,Cuspidariidae,Tropidomya
Bivalvia,NA,Cuspidariidae,Cuspidaria
Gastropoda,Nudibranchia,Trinchesiidae,Trinchesia
Gastropoda,Nudibranchia,Trinchesiidae,Rubramoena
Gastropoda,Nudibranchia,Cuthonellidae,Cuthonella
Gastropoda,Nudibranchia,Cuthonidae,Cuthona
Gastropoda,Nudibranchia,Trinchesiidae,Zelentia
Gastropoda,Nudibranchia,Trinchesiidae,Diaphoreolis
Gastropoda,Pteropoda,Cuvierinidae,Cuvierina
Bivalvia,NA,Thraciidae,Cyathodonta
Bivalvia,Venerida,Veneridae,Cyclinella
Bivalvia,Carditida,Carditidae,Coanicardita
Bivalvia,Pectinida,Propeamussiidae,Parvamussium
Bivalvia,Pectinida,Propeamussiidae,Cyclopecten
Gastropoda,Trochida,Liotiidae,Cyclostrema
Gastropoda,Trochida,Skeneidae,Skenea
Gastropoda,Littorinimorpha,Tornidae,Cyclostremiscus
Gastropoda,Cephalaspidea,Philinidae,Praephiline
Gastropoda,NA,Cylindrobullidae,Cylindrobulla
Gastropoda,Littorinimorpha,Cymatiidae,Ranularia
Gastropoda,Littorinimorpha,Cymatiidae,Monoplex
Gastropoda,Littorinimorpha,Cymatiidae,Reticutriton
Bivalvia,Cardiida,Tellinidae,Cymatoica
Gastropoda,Neogastropoda,Volutidae,Cymbiola
Gastropoda,Littorinimorpha,Cypraeidae,Talostolida
Gastropoda,Littorinimorpha,Cypraeidae,Lyncina
Gastropoda,Littorinimorpha,Cypraeidae,Erronea
Gastropoda,Littorinimorpha,Cypraeidae,Ovatipsa
Gastropoda,Littorinimorpha,Cypraeidae,Naria
Gastropoda,Littorinimorpha,Cypraeidae,Cypraea
Gastropoda,Littorinimorpha,Cypraeidae,Palmadusta
Gastropoda,Littorinimorpha,Cypraeidae,Palmulacypraea
Gastropoda,Littorinimorpha,Cypraeidae,Staphylaea
Gastropoda,Littorinimorpha,Cypraeidae,Talparia
Gastropoda,Littorinimorpha,Cypraeidae,Contradusta
Bivalvia,Venerida,Cyrenoididae,Cyrenoida
Bivalvia,Adapedonta,Hiatellidae,Hiatella
Bivalvia,NA,Lyonsiellidae,Policordia
Gastropoda,Neogastropoda,Raphitomidae,Rimosodaphnella
Bivalvia,Pectinida,Pectinidae,Delectopecten
Bivalvia,Ostreida,Ostreidae,Dendostrea
Gastropoda,Nudibranchia,Dendronotidae,Dendronotus
Scaphopoda,Dentaliida,Dentaliidae,Paradentalium
Scaphopoda,Dentaliida,Dentaliidae,Coccodentalium
Scaphopoda,Dentaliida,Dentaliidae,Dentalium
Gastropoda,Neogastropoda,Marginellidae,Dentimargo
Bivalvia,Galeommatida,Lasaeidae,Devonia
Gastropoda,Lepetellida,Fissurellidae,Diodora
Gastropoda,Caenogastropoda incertae sedis,Dialidae,Diala
Gastropoda,Cephalaspidea,Diaphanidae,Diaphana
Gastropoda,Doridida,Calycidorididae,Diaphorodoris
Gastropoda,Trochida,Skeneidae,Didianema
Gastropoda,Trochida,Skeneidae,Dikoleps
Bivalvia,Venerida,Ungulinidae,Zemysina
Bivalvia,Venerida,Ungulinidae,Diplodonta
Bivalvia,Venerida,Ungulinidae,Phlyctiderma
Bivalvia,Venerida,Ungulinidae,Felaniella
Bivalvia,Venerida,Ungulinidae,Foveamysia
Bivalvia,Myida,Pholadidae,Diplothyra
Gastropoda,Nudibranchia,Dironidae,Dirona
Gastropoda,Littorinimorpha,Personidae,Distorsio
Bivalvia,Lucinida,Lucinidae,Divalinga
Gastropoda,Aplysiida,Aplysiidae,Dolabella
Bivalvia,Cardiida,Donacidae,Donax
Gastropoda,Doridida,Corambidae,Corambe
Gastropoda,Doridida,Dendrodorididae,Cariopsilla
Bivalvia,Venerida,Veneridae,Dosinia
Gastropoda,Nudibranchia,Dotidae,Doto
Bivalvia,Myida,Dreissenidae,Dreissena
Gastropoda,Neogastropoda,Drilliidae,Clathrodrillia
Gastropoda,Littorinimorpha,Cingulopsidae,Eatonina
Gastropoda,NA,Murchisonellidae,Ebala
Gastropoda,Caenogastropoda incertae sedis,Epitoniidae,Eglisia
Bivalvia,Ostreida,Vulsellidae,Electroma
Bivalvia,Ostreida,Pteriidae,Pterelectroma
Cephalopoda,Octopoda,Eledonidae,Eledone
Solenogastres,NA,Pruvotinidae,Eleutheromenia
Gastropoda,NA,Plakobranchidae,Elysia
Gastropoda,Lepetellida,Fissurellidae,Emarginula
Gastropoda,Nudibranchia,Embletoniidae,Embletonia
Gastropoda,Neogastropoda,Pisaniidae,Engina
Gastropoda,Neogastropoda,Nassariidae,Engoniophos
Bivalvia,Adapedonta,Pharidae,Ensiculus
Bivalvia,Adapedonta,Pharidae,Ensis
Bivalvia,Galeommatida,Lasaeidae,Epilepton
Bivalvia,Lucinida,Lucinidae,Epilucina
Gastropoda,Littorinimorpha,Tornidae,Episcynia
Gastropoda,Caenogastropoda incertae sedis,Epitoniidae,Epitonium
Gastropoda,Caenogastropoda incertae sedis,Epitoniidae,Cycloscala
Gastropoda,Caenogastropoda incertae sedis,Epitoniidae,Boreoscala
Gastropoda,Caenogastropoda incertae sedis,Epitoniidae,Gyroscala
Gastropoda,Littorinimorpha,Eratoidae,Archierato
Gastropoda,Littorinimorpha,Eratoidae,Erato
Bivalvia,Cardiida,Semelidae,Ervilia
Gastropoda,Trochida,Trochidae,Ethalia
Gastropoda,Nudibranchia,Eubranchidae,Eubranchus
Gastropoda,Nudibranchia,Eubranchidae,Amphorina
Gastropoda,Seguenziida,Chilodontidae,Euchelus
Gastropoda,Neogastropoda,Mangeliidae,Propebela
Bivalvia,Carditida,Crassatellidae,Kalolophus
Gastropoda,NA,Pyramidellidae,Eulimastoma
Gastropoda,NA,Pyramidellidae,Eulimella
Gastropoda,Littorinimorpha,Eulimidae,Microeulima
Gastropoda,Trochida,Phasianellidae,Eulithidium
Gastropoda,Neogastropoda,Muricidae,Eupleura
Gastropoda,Littorinimorpha,Naticidae,Glossaulax
Gastropoda,Littorinimorpha,Naticidae,Polinices
Bivalvia,Pectinida,Pectinidae,Leopecten
Bivalvia,Cardiida,Tellinidae,Fabulina
Gastropoda,Nudibranchia,Facelinidae,Facelina
Caudofoveata,Chaetodermatida,Chaetodermatidae,Falcidens
Gastropoda,NA,Pyramidellidae,Fargoa
Gastropoda,Neogastropoda,Fasciolariidae,Cinctura
Gastropoda,Neogastropoda,Muricidae,Favartia
Gastropoda,Nudibranchia,Facelinidae,Favorinus
Gastropoda,Caenogastropoda incertae sedis,Scaliolidae,Finella
Gastropoda,Nudibranchia,Fionidae,Fiona
Gastropoda,Nudibranchia,Flabellinidae,Edmundsella
Gastropoda,Nudibranchia,Flabellinidae,Carronella
Gastropoda,Trochida,Skeneidae,Haplocochlias
Bivalvia,Cardiida,Cardiidae,Lunulicardia
Bivalvia,Cardiida,Cardiidae,Fulvia
Caudofoveata,Chaetodermatida,Chaetodermatidae,Furcillidens
Gastropoda,Neogastropoda,Fasciolariidae,Fusinus
Gastropoda,Neogastropoda,Fasciolariidae,Hesperaptyxis
Gastropoda,Trochida,Phasianellidae,Gabrielona
Bivalvia,Cardiida,Psammobiidae,Gari
Bivalvia,Gastrochaenida,Gastrochaenidae,Rocellaria
Bivalvia,Gastrochaenida,Gastrochaenidae,Lamychaena
Gastropoda,Cephalaspidea,Gastropteridae,Gastropteron
Gastropoda,Doridida,Discodorididae,Geitodoris
Bivalvia,Venerida,Veneridae,Gemma
Bivalvia,Mytilida,Mytilidae,Geukensia
Gastropoda,Neogastropoda,Cystiscidae,Gibberula
Gastropoda,Trochida,Trochidae,Gibbula
Bivalvia,Carditida,Carditidae,Glans
Bivalvia,Venerida,Veneridae,Globivenus
Bivalvia,Pectinida,Pectinidae,Gloripallium
Gastropoda,Doridida,Chromodorididae,Doriprismatica
Bivalvia,Venerida,Glossidae,Glossus
Bivalvia,Venerida,Glossidae,Meiocardia
Bivalvia,Arcida,Glycymerididae,Glycymeris
Bivalvia,Arcida,Glycymerididae,Tucetona
Gastropoda,Doridida,Goniodorididae,Goniodoris
Bivalvia,Carditida,Astartidae,Goodallia
Bivalvia,Venerida,Veneridae,Gouldia
Cephalopoda,Octopoda,Megaleledonidae,Graneledone
Bivalvia,Venerida,Veneridae,Granicorium
Gastropoda,Neogastropoda,Granulinidae,Granulina
Gastropoda,NA,Cimidae,Graphis
Scaphopoda,Dentaliida,Dentaliidae,Graptacme
Bivalvia,Mytilida,Mytilidae,Gregariella
Gastropoda,Doridida,Polyceridae,Polycera
Gastropoda,Neogastropoda,Horaiclavidae,Haedropleura
Gastropoda,Doridida,Discodorididae,Halgerda
Gastropoda,Littorinimorpha,Naticidae,Haliotinella
Gastropoda,Lepetellida,Haliotidae,Haliotis
Gastropoda,Trochida,Trochidae,Halistylus
Gastropoda,Cephalaspidea,Haminoeidae,Haminoea
Gastropoda,Cephalaspidea,Haminoeidae,Haminella
Polyplacophora,Lepidopleurida,Hanleyidae,Hanleya
Polyplacophora,Lepidopleurida,Leptochitonidae,Hanleyella
Bivalvia,Venerida,Veneridae,Liocyma
Gastropoda,Neogastropoda,Harpidae,Harpa
Gastropoda,Neogastropoda,Terebridae,Hastula
Gastropoda,Neogastropoda,Muricidae,Vokesimurex
Gastropoda,Neogastropoda,Muricidae,Haustellum
Gastropoda,NA,Architectonicidae,Heliacus
Gastropoda,Lepetellida,Fissurellidae,Montfortia
Gastropoda,NA,Murchisonellidae,Henrya
Gastropoda,NA,Hermaeidae,Hermaea
Gastropoda,Nudibranchia,Myrrhinidae,Hermissenda
Gastropoda,Nudibranchia,Heroidae,Hero
Gastropoda,Nudibranchia,Heterodorididae,Heterodoris
Gastropoda,Neogastropoda,Nassariidae,Tritia
Gastropoda,Trochida,Colloniidae,Homalopoma
Bivalvia,Venerida,Veneridae,Humilaria
Bivalvia,Manzanellida,Nucinellidae,Huxleyia
Gastropoda,Littorinimorpha,Iravadiidae,Hyala
Gastropoda,Neogastropoda,Marginellidae,Volvarina
Gastropoda,Neogastropoda,Marginellidae,Prunum
Gastropoda,NA,Aplustridae,Hydatina
Gastropoda,Littorinimorpha,Hydrobiidae,Hydrobia
Gastropoda,Littorinimorpha,Hydrobiidae,Ecrobia
Gastropoda,Littorinimorpha,Hydrobiidae,Peringia
Bivalvia,Ostreida,Gryphaeidae,Hyotissa
Gastropoda,Neogastropoda,Nassariidae,Ilyanassa
Gastropoda,Neogastropoda,Horaiclavidae,Inodrillia
Gastropoda,Nacellida,Lepetidae,Iothia
Bivalvia,Venerida,Veneridae,Irusella
Bivalvia,Mytilida,Mytilidae,Ischadium
Polyplacophora,Chitonida,Stenosemusidae,Stenosemus
Polyplacophora,Chitonida,Ischnochitonidae,Ischnochiton
Polyplacophora,Chitonida,Ischnochitonidae,Tripoplax
Gastropoda,NA,Amathinidae,Iselica
Bivalvia,Ostreida,Isognomonidae,Isognomon
Gastropoda,Neogastropoda,Mangeliidae,Ithycythara
Gastropoda,Nudibranchia,Janolidae,Antiopella
Gastropoda,Nudibranchia,Janolidae,Janolus
Gastropoda,Neogastropoda,Bellolividae,Jaspidella
Gastropoda,NA,Pyramidellidae,Jordaniella
Gastropoda,Doridida,Discodorididae,Jorunna
Bivalvia,Myida,Pholadidae,Jouannetia
Gastropoda,Trochida,Trochidae,Clelandella
Gastropoda,Trochida,Trochidae,Jujubinus
Bivalvia,Pectinida,Pectinidae,Juxtamusium
Bivalvia,Galeommatida,Lasaeidae,Kellia
Gastropoda,Neogastropoda,Mangeliidae,Kurtzia
Gastropoda,Neogastropoda,Mangeliidae,Kurtziella
Gastropoda,Neogastropoda,Mangeliidae,Mangelia
Gastropoda,Neogastropoda,Mangeliidae,Rubellatoma
Gastropoda,Neogastropoda,Mangeliidae,Kurtzina
Bivalvia,Cardiida,Cardiidae,Laevicardium
Gastropoda,Littorinimorpha,Strombidae,Lambis
Gastropoda,Littorinimorpha,Velutinidae,Lamellaria
Gastropoda,Littorinimorpha,Velutinidae,Marsenia
Gastropoda,Doridida,Onchidorididae,Onchidoris
Gastropoda,Neogastropoda,Muricidae,Lataxiena
Bivalvia,NA,Laternulidae,Laternula
Gastropoda,Neogastropoda,Fasciolariidae,Fusolatirus
Gastropoda,Neogastropoda,Fasciolariidae,Turrilatirus
Polyplacophora,Chitonida,Tonicellidae,Cyanoplax
Polyplacophora,Chitonida,Mopaliidae,Dendrochiton
Polyplacophora,Chitonida,Ischnochitonidae,Lepidozona
Bivalvia,Cardiida,Tellinidae,Leporimetis
Gastropoda,Neogastropoda,Drilliidae,Syntomodrillia
Polyplacophora,Lepidopleurida,Leptochitonidae,Leptochiton
Bivalvia,Galeommatida,Lasaeidae,Lepton
Bivalvia,Pectinida,Pectinidae,Leptopecten
Gastropoda,Neogastropoda,Fasciolariidae,Leucozonia
Bivalvia,Limida,Limidae,Lima
Bivalvia,Limida,Limidae,Limaria
Gastropoda,Doridida,Polyceridae,Limacia
Gastropoda,Pteropoda,Limacinidae,Limacina
Gastropoda,NA,Limapontiidae,Limapontia
Bivalvia,Limida,Limidae,Limatula
Bivalvia,Limida,Limidae,Limea
Caudofoveata,Chaetodermatida,Limifossoridae,Limifossor
Bivalvia,Arcida,Limopsidae,Limopsis
Bivalvia,Lucinida,Lucinidae,Radiolucina
Bivalvia,Lucinida,Lucinidae,Lucina
Bivalvia,Mytilida,Modiolidae,Lioberus
Bivalvia,Venerida,Veneridae,Lioconcha
Gastropoda,NA,Pyramidellidae,Liostomia
Gastropoda,Neogastropoda,Tudiclidae,Lirabuccinum
Gastropoda,Caenogastropoda incertae sedis,Cerithiidae,Lirobittium
Gastropoda,Trochida,Trochidae,Lirularia
Bivalvia,Mytilida,Mytilidae,Lithophaga
Gastropoda,Littorinimorpha,Cochliopidae,Littoridinops
Gastropoda,Littorinimorpha,Littorinidae,Littoraria
Cephalopoda,Myopsida,Loliginidae,Loligo
Gastropoda,Nudibranchia,Lomanotidae,Lomanotus
Bivalvia,Ostreida,Ostreidae,Lopha
Gastropoda,Neogastropoda,Turridae,Lophiotoma
Gastropoda,Neogastropoda,Turridae,Unedogemmula
Bivalvia,Lucinida,Lucinidae,Loripes
Gastropoda,Nacellida,Lottiidae,Lottia
Gastropoda,Lepetellida,Fissurellidae,Lucapinella
Bivalvia,Lucinida,Lucinidae,Cavilinga
Bivalvia,Lucinida,Lucinidae,Lucinisca
Bivalvia,Lucinida,Lucinidae,Pleurolucina
Bivalvia,Venerida,Mactridae,Lutraria
Bivalvia,NA,Cuspidariidae,Luzonia
Gastropoda,Neogastropoda,Volutidae,Lyria
Bivalvia,Cardiida,Tellinidae,Psammotreta
Bivalvia,Cardiida,Tellinidae,Psammacoma
Bivalvia,Cardiida,Tellinidae,Austromacoma
Bivalvia,Cardiida,Tellinidae,Rexithaerus
Bivalvia,Cardiida,Tellinidae,Ameritella
Bivalvia,Cardiida,Tellinidae,Macoploma
Bivalvia,Venerida,Veneridae,Megapitaria
Bivalvia,Venerida,Veneridae,Macrocallista
Gastropoda,Littorinimorpha,Vanikoridae,Macromphalina
Gastropoda,Littorinimorpha,Vanikoridae,Megalomphalus
Bivalvia,Venerida,Mactridae,Mactrotoma
Bivalvia,Venerida,Mactridae,Mactra
Bivalvia,Venerida,Mactridae,Mactromeris
Bivalvia,Nuculanida,Malletiidae,Malletia
Bivalvia,Ostreida,Malleidae,Malleus
Gastropoda,Littorinimorpha,Naticidae,Mammilla
Gastropoda,Neogastropoda,Mangeliidae,Benthomangelia
Gastropoda,Neogastropoda,Mangeliidae,Sorgenfreispira
Gastropoda,Neogastropoda,Mangeliidae,Pyrgocythara
Gastropoda,Neogastropoda,Mangeliidae,Bela
Gastropoda,Littorinimorpha,Rissoidae,Manzonia
Gastropoda,Caenogastropoda incertae sedis,Triphoridae,Marshallora
Bivalvia,Myida,Pholadidae,Martesia
Gastropoda,NA,Mathildidae,Mathilda
Gastropoda,NA,Acteonidae,Maxacteon
Gastropoda,NA,Pyramidellidae,Megastomia
Gastropoda,Neogastropoda,Pseudomelatomidae,Megasurcula
Gastropoda,Ellobiida,Ellobiidae,Melampus
Gastropoda,Littorinimorpha,Eulimidae,Vitreolina
Gastropoda,Littorinimorpha,Eulimidae,Hypermastus
Gastropoda,Cephalaspidea,Aglajidae,Melanochlamys
Bivalvia,Arcida,Glycymerididae,Melaxinaea
Gastropoda,Neogastropoda,Volutidae,Melo
Gastropoda,Neogastropoda,Melongenidae,Melongena
Bivalvia,Lucinida,Thyasiridae,Mendicula
Cephalopoda,Sepiida,Sepiidae,Metasepia
Gastropoda,NA,Ringiculidae,Microglyphis
Gastropoda,Trochida,Trochidae,Microtis
Bivalvia,Carditida,Carditidae,Miodontiscus
Bivalvia,Pectinida,Pectinidae,Mirapecten
Gastropoda,Neogastropoda,Mitridae,Roseomitra
Bivalvia,Mytilida,Modiolidae,Modiolula
Bivalvia,Mytilida,Modiolidae,Jolya
Bivalvia,Mytilida,Modiolidae,Modiolatus
Bivalvia,Mytilida,Modiolidae,Arenifodiens
Gastropoda,Caenogastropoda incertae sedis,Modulidae,Trochomodulus
Gastropoda,Caenogastropoda incertae sedis,Modulidae,Modulus
Gastropoda,Trochida,Colloniidae,Moelleria
Bivalvia,Cardiida,Tellinidae,Moerella
Bivalvia,Cardiida,Tellinidae,Asbjornsenia
Bivalvia,Pectinida,Anomiidae,Monia
Gastropoda,Trochida,Trochidae,Monilea
Bivalvia,Galeommatida,Lasaeidae,Montacuta
Polyplacophora,Chitonida,Mopaliidae,Mopalia
Gastropoda,Neogastropoda,Muricidae,Morula
Gastropoda,Neogastropoda,Harpidae,Morum
Bivalvia,Venerida,Mactridae,Mulinia
Gastropoda,Neogastropoda,Muricidae,Murex
Bivalvia,NA,Cuspidariidae,Myonera
Gastropoda,Ellobiida,Ellobiidae,Myosotella
Bivalvia,Lucinida,Lucinidae,Myrtea
Bivalvia,Venerida,Veneridae,Mysia
Bivalvia,Myida,Dreissenidae,Mytilopsis
Gastropoda,Neogastropoda,Clathurellidae,Nannodiella
Gastropoda,Neogastropoda,Columbellidae,Nassarina
Gastropoda,Neogastropoda,Columbellidae,Steironepion
Gastropoda,Neogastropoda,Columbellidae,Zanassarina
Gastropoda,Neogastropoda,Nassariidae,Nassarius
Gastropoda,Neogastropoda,Nassariidae,Phrontis
Gastropoda,Neogastropoda,Nassariidae,Caesia
Gastropoda,Littorinimorpha,Naticidae,Glyphepithema
Gastropoda,Littorinimorpha,Naticidae,Natica
Gastropoda,Littorinimorpha,Naticidae,Stigmaulax
Gastropoda,Littorinimorpha,Naticidae,Tectonatica
Gastropoda,Littorinimorpha,Naticidae,Tanea
Gastropoda,Littorinimorpha,Naticidae,Naticarius
Bivalvia,Galeommatida,Lasaeidae,Neaeromya
Bivalvia,Galeommatida,Lasaeidae,Orobitella
Bivalvia,Nuculanida,Neilonellidae,Neilonella
Solenogastres,NA,Dondersiidae,Nematomenia
Bivalvia,Cardiida,Cardiidae,Nemocardium
Bivalvia,Cardiida,Cardiidae,Keenaea
Bivalvia,Cardiida,Cardiidae,Lyrocardium
Bivalvia,Cardiida,Cardiidae,Microcardium
Gastropoda,Neogastropoda,Mitridae,Neocancilla
Gastropoda,Neogastropoda,Drilliidae,Neodrillia
Bivalvia,Venerida,Neoleptonidae,Neolepton
Solenogastres,NA,Neomeniidae,Neomenia
Bivalvia,Trigoniida,Trigoniidae,Neotrigonia
Gastropoda,Cycloneritida,Neritidae,Vitta
Gastropoda,Littorinimorpha,Eulimidae,Niso
Gastropoda,NA,Pyramidellidae,Noemiamea
Bivalvia,Arcida,Noetiidae,Noetia
Gastropoda,Trochida,Tegulidae,Norrisia
Bivalvia,Myida,Teredinidae,Nototeredo
Bivalvia,Nuculida,Nuculidae,Nucula
Bivalvia,Nuculida,Nuculidae,Pronucula
Bivalvia,Nuculanida,Nuculanidae,Saccella
Bivalvia,Nuculanida,Nuculanidae,Propeleda
Bivalvia,Venerida,Veneridae,Nutricola
Bivalvia,Cardiida,Psammobiidae,Nuttallia
Gastropoda,Littorinimorpha,Rissoidae,Obtusella
Gastropoda,Neogastropoda,Muricidae,Ocenebra
Gastropoda,Neogastropoda,Muricidae,Ocinebrina
Cephalopoda,Octopoda,Octopodidae,Callistoctopus
Gastropoda,NA,Pyramidellidae,Odostomia
Gastropoda,NA,Pyramidellidae,Chrysallida
Gastropoda,Doridida,Goniodorididae,Okenia
Gastropoda,Neogastropoda,Olividae,Oliva
Gastropoda,Neogastropoda,Olividae,Callianax
Gastropoda,Neogastropoda,Olividae,Olivella
Gastropoda,Systellommatophora,Onchidiidae,Onchidella
Gastropoda,Doridida,Onchidorididae,Idaliadoris
Gastropoda,Doridida,Onchidorididae,Atalodoris
Gastropoda,NA,Pyramidellidae,Ondina
Gastropoda,Littorinimorpha,Rissoidae,Onoba
Gastropoda,Neogastropoda,Borsoniidae,Ophiodermella
Gastropoda,Trochida,Trochidae,Phorcus
Gastropoda,Ellobiida,Otinidae,Otina
Gastropoda,NA,Pyramidellidae,Otopleura
Gastropoda,Doridida,Polyceridae,Palio
Bivalvia,Pectinida,Pectinidae,Palliolum
Bivalvia,Adapedonta,Hiatellidae,Panomya
Bivalvia,Venerida,Veneridae,Paphia
Bivalvia,Venerida,Veneridae,Protapes
Bivalvia,Venerida,Veneridae,Paratapes
Bivalvia,Cardiida,Cardiidae,Papyridea
Bivalvia,Galeommatida,Basterotiidae,Paramya
Bivalvia,Venerida,Veneridae,Parastarte
Gastropoda,NA,Pyramidellidae,Spiralina
Bivalvia,Cardiida,Cardiidae,Papillicardium
Gastropoda,Littorinimorpha,Tornidae,Parviturboides
Gastropoda,Nacellida,Lottiidae,Collisella
Bivalvia,Pectinida,Pectinidae,Serratovola
Bivalvia,Venerida,Veneridae,Periglypta
Bivalvia,NA,Periplomatidae,Periploma
Gastropoda,Neogastropoda,Fasciolariidae,Peristernia
Gastropoda,NA,Pyramidellidae,Peristichia
Gastropoda,Neogastropoda,Cystiscidae,Persicula
Gastropoda,Littorinimorpha,Vermetidae,Petaloconchus
Gastropoda,NA,Pyramidellidae,Petitilla
Bivalvia,Venerida,Veneridae,Petricola
Bivalvia,Venerida,Veneridae,Petricolaria
Gastropoda,Littorinimorpha,Cassidae,Phalium
Gastropoda,Littorinimorpha,Cassidae,Semicassis
Bivalvia,Adapedonta,Pharidae,Pharus
Bivalvia,Adapedonta,Pharidae,Phaxas
Gastropoda,Cephalaspidea,Philinidae,Philine
Gastropoda,Cephalaspidea,Laonidae,Laona
Gastropoda,Cephalaspidea,Philinidae,Hermania
Bivalvia,Myida,Pholadidae,Pholadidea
Bivalvia,Myida,Pholadidae,Pholas
Gastropoda,Neogastropoda,Nassariidae,Phos
Cephalopoda,Myopsida,Loliginidae,Uroteuthis
Gastropoda,Aplysiida,Aplysiidae,Phyllaplysia
Gastropoda,Doridida,Phyllidiidae,Phyllidia
Gastropoda,Doridida,Phyllidiidae,Phyllidiella
Gastropoda,Doridida,Phyllidiidae,Ceratophyllidia
Bivalvia,Ostreida,Margaritidae,Pinctada
Gastropoda,Neogastropoda,Pisaniidae,Pisania
Bivalvia,Venerida,Veneridae,Pitar
Bivalvia,Venerida,Veneridae,Pitarenus
Bivalvia,Venerida,Veneridae,Hyphantosoma
Bivalvia,Venerida,Veneridae,Placamen
Gastropoda,NA,Limapontiidae,Placida
Bivalvia,Pectinida,Placunidae,Placuna
Bivalvia,Cardiida,Cardiidae,Maoricardium
Bivalvia,Ostreida,Ostreidae,Planostrea
Bivalvia,NA,Cuspidariidae,Plectodon
Gastropoda,Neogastropoda,Cystiscidae,Plesiocystiscus
Gastropoda,Pleurobranchida,Pleurobranchaeidae,Pleurobranchaea
Gastropoda,Pleurobranchida,Pleurobranchidae,Pleurobranchus
Bivalvia,Carditida,Carditidae,Pteromeris
Bivalvia,Carditida,Carditidae,Pleuromeris
Gastropoda,Neogastropoda,Fasciolariidae,Filifusus
Bivalvia,Pectinida,Plicatulidae,Plicatula
Bivalvia,Pectinida,Anomiidae,Pododesmus
Gastropoda,Neogastropoda,Pisaniidae,Gemophos
Gastropoda,Littorinimorpha,Eulimidae,Polygireulima
Bivalvia,Venerida,Cyrenoididae,Polymesoda
Bivalvia,Myida,Corbulidae,Potamocorbula
Gastropoda,Littorinimorpha,Tateidae,Potamopyrgus
Gastropoda,Littorinimorpha,Hydrobiidae,Probythinella
Solenogastres,NA,Proneomeniidae,Proneomenia
Bivalvia,Venerida,Veneridae,Leukoma
Bivalvia,Pectinida,Pectinidae,Pseudamussium
Bivalvia,Venerida,Mactridae,Pseudocardium
Gastropoda,Caenogastropoda incertae sedis,Cerithiidae,Pseudovertagus
Bivalvia,Myida,Teredinidae,Psiloteredo
Bivalvia,Ostreida,Pteriidae,Pteria
Gastropoda,Neogastropoda,Muricidae,Pteropurpura
Gastropoda,Neogastropoda,Mitridae,Pterygia
Gastropoda,Neogastropoda,Muricidae,Pterynotus
Gastropoda,Neogastropoda,Ptychatractidae,Ptychatractus
Gastropoda,Neogastropoda,Pseudomelatomidae,Ptychobela
Gastropoda,Neogastropoda,Granulinidae,Marginellopsis
Scaphopoda,Gadilida,Pulsellidae,Pulsellum
Gastropoda,Lepetellida,Fissurellidae,Puncturella
Gastropoda,NA,Acteonidae,Pupa
Gastropoda,Cycloneritida,Neritidae,Puperita
Gastropoda,Neogastropoda,Costellariidae,Atlantilux
Gastropoda,Littorinimorpha,Rissoidae,Pusillina
Gastropoda,NA,Pyramidellidae,Longchaeus
Gastropoda,Neogastropoda,Columbellidae,Pyrene
Gastropoda,Littorinimorpha,Cochliopidae,Pyrgophorus
Gastropoda,Cephalaspidea,Retusidae,Pyrunculus
Bivalvia,Galeommatida,Lasaeidae,Pythinella
Bivalvia,Venerida,Anatinellidae,Raeta
Bivalvia,Venerida,Mactridae,Rangia
Gastropoda,Neogastropoda,Muricidae,Rapana
Gastropoda,Neogastropoda,Raphitomidae,Leufroyia
Gastropoda,Neogastropoda,Raphitomidae,Cyrillia
Gastropoda,Neogastropoda,Raphitomidae,Raphitoma
Scaphopoda,Dentaliida,Rhabdidae,Rhabdus
Bivalvia,Galeommatida,Lasaeidae,Rhamphidonta
Gastropoda,Caenogastropoda incertae sedis,Cerithiidae,Rhinoclavis
Solenogastres,NA,Rhopalomeniidae,Rhopalomenia
Gastropoda,NA,Acteonidae,Rictaxis
Gastropoda,Lepetellida,Fissurellidae,Rimula
Gastropoda,Littorinimorpha,Rissoidae,Rissoa
Gastropoda,NA,Rissoellidae,Rissoella
Gastropoda,Littorinimorpha,Rissoinidae,Rissoina
Gastropoda,Littorinimorpha,Rissoinidae,Phosinella
Gastropoda,Littorinimorpha,Zebinidae,Schwartziella
Gastropoda,Littorinimorpha,Rissoinidae,Zebinella
Bivalvia,Galeommatida,Lasaeidae,Mysella
Bivalvia,Cardiida,Semelidae,Rochefortina
Gastropoda,Doridida,Discodorididae,Rostanga
Gastropoda,Cephalaspidea,Alacuppidae,Roxania
Gastropoda,Runcinida,Runcinidae,Runcina
Bivalvia,Venerida,Veneridae,Samarangia
Gastropoda,Caenogastropoda incertae sedis,Pickworthiidae,Sansonia
Bivalvia,Galeommatida,Basterotiidae,Saxicavella
Bivalvia,Venerida,Veneridae,Saxidomus
Gastropoda,NA,Pyramidellidae,Sayella
Gastropoda,NA,Pyramidellidae,Syrnola
Bivalvia,Pectinida,Pectinidae,Scaeochlamys
Gastropoda,Cephalaspidea,Scaphandridae,Scaphander
Polyplacophora,Chitonida,Schizoplacidae,Schizoplax
Bivalvia,Galeommatida,Galeommatidae,Scintillona
Bivalvia,Galeommatida,Galeommatidae,Scintilla
Bivalvia,Cardiida,Semelidae,Scrobicularia
Gastropoda,Caenogastropoda incertae sedis,Cerithiopsidae,Seila
Bivalvia,Cardiida,Tellinidae,Cadella
Bivalvia,Cardiida,Semelidae,Semele
Bivalvia,Cardiida,Semelidae,Semelina
Bivalvia,Galeommatida,Lasaeidae,Hemilepton
Bivalvia,Pectinida,Pectinidae,Semipallium
Cephalopoda,Sepiida,Sepiidae,Sepia
Cephalopoda,Sepiolida,Sepiadariidae,Sepiadarium
Cephalopoda,Sepiolida,Sepiolidae,Sepietta
Cephalopoda,Sepiolida,Sepiolidae,Sepiola
Bivalvia,Cardiida,Cardiidae,Serripes
Gastropoda,Littorinimorpha,Naticidae,Sigatica
Bivalvia,Adapedonta,Pharidae,Siliqua
Gastropoda,Littorinimorpha,Ovulidae,Simnia
Bivalvia,Venerida,Mactridae,Simomactra
Gastropoda,Littorinimorpha,Naticidae,Sinum
Gastropoda,Cycloneritida,Neritidae,Smaragdia
Gastropoda,Trochida,Solariellidae,Minolia
Gastropoda,Littorinimorpha,Tornidae,Solariorbis
Bivalvia,Cardiida,Solecurtidae,Solecurtus
Bivalvia,Solemyida,Solemyidae,Solemya
Bivalvia,Adapedonta,Solenidae,Solen
Bivalvia,Pectinida,Pectinidae,Spathochlamys
Caudofoveata,Chaetodermatida,Prochaetodermatidae,Spathoderma
Bivalvia,Myida,Myidae,Sphenia
Gastropoda,Neogastropoda,Drilliidae,Fenimorea
Bivalvia,Pectinida,Spondylidae,Spondylus
Bivalvia,Mytilida,Modiolidae,Stavelia
Polyplacophora,Chitonida,Ischnochitonidae,Stenoplax
Gastropoda,NA,Limapontiidae,Calliopaea
Gastropoda,Trochida,Trochidae,Stomatella
Gastropoda,Neogastropoda,Muricidae,Stramonita
Bivalvia,Arcida,Noetiidae,Striarca
Bivalvia,Cardiida,Tellinidae,Strigilla
Gastropoda,Littorinimorpha,Eulimidae,Hemiliostraca
Gastropoda,Littorinimorpha,Strombidae,Strombus
Gastropoda,Littorinimorpha,Strombidae,Euprotomus
Gastropoda,Littorinimorpha,Strombidae,Doxander
Gastropoda,Littorinimorpha,Strombidae,Dolomena
Gastropoda,Littorinimorpha,Strombidae,Canarium
Gastropoda,Littorinimorpha,Strombidae,Terestrombus
Gastropoda,Littorinimorpha,Strombidae,Lentigo
Gastropoda,Littorinimorpha,Strombidae,Latissistrombus
Gastropoda,Littorinimorpha,Strombidae,Ministrombus
Gastropoda,Aplysiida,Aplysiidae,Stylocheilus
Gastropoda,Neogastropoda,Mitridae,Imbricaria
Bivalvia,Venerida,Veneridae,Sunetta
Gastropoda,Neogastropoda,Turbinellidae,Syrinx
Bivalvia,Cardiida,Solecurtidae,Tagelus
Bivalvia,Venerida,Veneridae,Polititapes
Bivalvia,Venerida,Veneridae,Ruditapes
Gastropoda,Trochida,Tegulidae,Agathistoma
Gastropoda,Littorinimorpha,Teinostomatidae,Teinostoma
Bivalvia,Cardiida,Tellinidae,Tellidora
Bivalvia,Galeommatida,Lasaeidae,Tellimya
Bivalvia,Cardiida,Tellinidae,Serratina
Bivalvia,Cardiida,Tellinidae,Eurytellina
Bivalvia,Cardiida,Tellinidae,Megangulus
Bivalvia,Cardiida,Tellinidae,Clathrotellina
Bivalvia,Cardiida,Tellinidae,Hanleyanus
Bivalvia,Cardiida,Tellinidae,Phylloda
Bivalvia,Cardiida,Tellinidae,Acorylus
Bivalvia,Cardiida,Tellinidae,Idatellina
Bivalvia,Cardiida,Tellinidae,Oudardia
Bivalvia,Cardiida,Tellinidae,Senegona
Bivalvia,Cardiida,Tellinidae,Tampaella
Bivalvia,Cardiida,Tellinidae,Tellina
Bivalvia,Cardiida,Tellinidae,Tonganaella
Bivalvia,Cardiida,Tellinidae,Pharaonella
Bivalvia,Cardiida,Tellinidae,Scutarcopagia
Bivalvia,Cardiida,Tellinidae,Tellinella
Bivalvia,Cardiida,Tellinidae,Pinguitellina
Bivalvia,Cardiida,Tellinidae,Scissula
Bivalvia,Cardiida,Tellinidae,Phyllodina
Gastropoda,Littorinimorpha,Seraphsidae,Terebellum
Gastropoda,Neogastropoda,Terebridae,Neoterebra
Gastropoda,Neogastropoda,Terebridae,Terebra
Gastropoda,Neogastropoda,Terebridae,Bathyterebra
Gastropoda,Neogastropoda,Terebridae,Myurella
Gastropoda,Neogastropoda,Terebridae,Myurellopsis
Bivalvia,Myida,Teredinidae,Teredo
Bivalvia,Myida,Teredinidae,Teredora
Gastropoda,Nudibranchia,Tergipedidae,Tergipes
Gastropoda,Littorinimorpha,Cochliopidae,Texadina
Gastropoda,Neogastropoda,Muricidae,Mancinella
Gastropoda,Neogastropoda,Costellariidae,Mitromica
Gastropoda,Doridida,Polyceridae,Thecacera
Bivalvia,Cardiida,Semelidae,Theora
Bivalvia,Venerida,Veneridae,Timoclea
Bivalvia,Venerida,Veneridae,Tivela
Polyplacophora,Chitonida,Tonicellidae,Tonicella
Polyplacophora,Chitonida,Tonicellidae,Boreochiton
Gastropoda,Littorinimorpha,Tonnidae,Tonna
Gastropoda,Littorinimorpha,Tornidae,Tornus
Bivalvia,Cardiida,Cardiidae,Trachycardium
Bivalvia,Cardiida,Cardiidae,Dallocardia
Gastropoda,NA,Pyramidellidae,Tragula
Bivalvia,Venerida,Veneridae,Transennella
Gastropoda,Doridida,Goniodorididae,Trapania
Bivalvia,Venerida,Trapezidae,Trapezium
Bivalvia,Venerida,Mactridae,Tresus
Gastropoda,Littorinimorpha,Capulidae,Ariadnaria
Gastropoda,Littorinimorpha,Capulidae,Trichotropis
Gastropoda,Trochida,Phasianellidae,Tricolia
Gastropoda,Trochida,Phasianellidae,Hiloa
Bivalvia,Cardiida,Cardiidae,Trigoniocardia
Bivalvia,NA,Verticordiidae,Trigonulina
Gastropoda,Caenogastropoda incertae sedis,Triphoridae,Nototriphora
Gastropoda,NA,Pyramidellidae,Triptychus
Bivalvia,Arcida,Arcidae,Trisidos
Gastropoda,Nudibranchia,Tritoniidae,Tritonia
Gastropoda,Nudibranchia,Tritoniidae,Duvaucelia
Gastropoda,Littorinimorpha,Triviidae,Trivia
Gastropoda,Littorinimorpha,Triviidae,Niveria
Gastropoda,Neogastropoda,Muricidae,Boreotrophon
Gastropoda,Littorinimorpha,Cochliopidae,Tryonia
Gastropoda,Neogastropoda,Vasidae,Tudivasum
Bivalvia,Myida,Myidae,Tugonia
Gastropoda,Trochida,Turbinidae,Turbo
Gastropoda,NA,Pyramidellidae,Turbonilla
Gastropoda,NA,Pyramidellidae,Pyrgiscus
Gastropoda,NA,Pyramidellidae,Houbricka
Gastropoda,Neogastropoda,Turridae,Turris
Gastropoda,Caenogastropoda incertae sedis,Turritellidae,Turritella
Gastropoda,Caenogastropoda incertae sedis,Turritellidae,Turritellinella
Bivalvia,Venerida,Veneridae,Turtonia
Gastropoda,Neogastropoda,Borsoniidae,Typhlomangelia
Gastropoda,Trochida,Trochidae,Umbonium
Gastropoda,Neogastropoda,Muricidae,Urosalpinx
Gastropoda,Neogastropoda,Muricidae,Vokesinotus
Gastropoda,Littorinimorpha,Velutinidae,Velutina
Gastropoda,Caenogastropoda incertae sedis,Turritellidae,Vermicularia
Bivalvia,NA,Verticordiidae,Haliris
Gastropoda,Neogastropoda,Costellariidae,Vexillum
Gastropoda,Littorinimorpha,Vitrinellidae,Vitrinella
Bivalvia,Pectinida,Pectinidae,Volachlamys
Gastropoda,Neogastropoda,Volutidae,Volutoconus
Gastropoda,Littorinimorpha,Ovulidae,Volva
Gastropoda,Cephalaspidea,Rhizoridae,Volvulella
Bivalvia,Ostreida,Vulsellidae,Vulsella
Gastropoda,Littorinimorpha,Xenophoridae,Xenophora
Gastropoda,Littorinimorpha,Xenophoridae,Onustus
Bivalvia,Myida,Xylophagaidae,Xylophaga
Gastropoda,Littorinimorpha,Zebinidae,Zebina
Gastropoda,Lepetellida,Fissurellidae,Zeidora
Bivalvia,Myida,Pholadidae,Zirfaea
Cephalopoda,Oegopsida,Enoploteuthidae,Abralia
Bivalvia,Solemyida,Solemyidae,Acharax
Gastropoda,Lepetellida,Addisoniidae,Addisonia
Bivalvia,Mytilida,Modiolidae,Adipicola
Bivalvia,Mytilida,Modiolidae,Terua
Bivalvia,Pectinida,Pectinidae,Lindapecten
Gastropoda,Neogastropoda,Cancellariidae,Axelella
Gastropoda,Doridida,Discodorididae,Sebadoris
Gastropoda,Caenogastropoda incertae sedis,Paskentanidae,Alviniconcha
Gastropoda,Doridida,Discodorididae,Sclerodoris
Bivalvia,Lucinida,Lucinidae,Pegophysema
Gastropoda,Littorinimorpha,Cymatiidae,Argobuccinum
Gastropoda,Littorinimorpha,Atlantidae,Atlanta
Bivalvia,Arcida,Arcidae,Fugleria
Gastropoda,Nacellida,Pectinodontidae,Bathyacmaea
Bivalvia,Mytilida,Modiolidae,Bathymodiolus
Bivalvia,Mytilida,Modiolidae,Gigantidas
Cephalopoda,Octopoda,Bathypolypodidae,Bathypolypus
Cephalopoda,Bathyteuthida,Bathyteuthidae,Bathyteuthis
Gastropoda,Neogastropoda,Buccinidae,Bayerius
Bivalvia,Mytilida,Modiolidae,Benthomodiolus
Bivalvia,Mytilida,Modiolidae,Botula
Gastropoda,Trochida,Skeneidae,Bruceiella
Gastropoda,Neogastropoda,Busyconidae,Busycoarctum
Gastropoda,Neogastropoda,Eosiphonidae,Warenius
Bivalvia,Venerida,Veneridae,Callpita
Polyplacophora,Chitonida,Callistoplacidae,Calloplax
Bivalvia,Venerida,Vesicomyidae,Calyptogena
Bivalvia,Venerida,Vesicomyidae,Isorropodon
Bivalvia,Venerida,Vesicomyidae,Abyssogena
Bivalvia,Venerida,Vesicomyidae,Archivesica
Bivalvia,Venerida,Vesicomyidae,Ectenagena
Bivalvia,Venerida,Vesicomyidae,Phreagena
Gastropoda,Trochida,Colloniidae,Cantrainea
Gastropoda,Littorinimorpha,Carinariidae,Carinaria
Gastropoda,Littorinimorpha,Cassidae,Cassis
Gastropoda,Pteropoda,Cavoliniidae,Cavolinia
Gastropoda,Pteropoda,Cavoliniidae,Diacria
Gastropoda,Pteropoda,Cavoliniidae,Diacavolinia
Gastropoda,Littorinimorpha,Charoniidae,Charonia
Bivalvia,Pectinida,Pectinidae,Veprichlamys
Cephalopoda,Octopoda,Cirroteuthidae,Cirroteuthis
Gastropoda,Pteropoda,Cliidae,Clio
Gastropoda,Pteropoda,Clionidae,Clione
Gastropoda,Neogastropoda,Cochlespiridae,Cochlespira
Gastropoda,Neogastropoda,Cancellariidae,Tritonoharpa
Gastropoda,Neogastropoda,Pseudomelatomidae,Compsodrillia
Bivalvia,Venerida,Trapezidae,Coralliophaga
Gastropoda,Pteropoda,Creseidae,Creseis
Gastropoda,Littorinimorpha,Calyptraeidae,Crucibulum
Bivalvia,Pectinida,Pectinidae,Cryptopecten
Cephalopoda,Bathyteuthida,Chtenopterygidae,Chtenopteryx
Cephalopoda,Oegopsida,Cycloteuthidae,Cycloteuthis
Gastropoda,Littorinimorpha,Cymatiidae,Linatella
Gastropoda,Littorinimorpha,Ovulidae,Cyphoma
Gastropoda,Littorinimorpha,Cypraeidae,Macrocypraea
Gastropoda,Littorinimorpha,Cassidae,Cypraecassis
Bivalvia,Adapedonta,Hiatellidae,Cyrtodaria
Gastropoda,Seguenziida,Chilodontidae,Danilia
Gastropoda,Neogastropoda,Raphitomidae,Daphnella
Gastropoda,Doridida,Dendrodorididae,Dendrodoris
Scaphopoda,Gadilida,Entalinidae,Bathoxiphus
Scaphopoda,Dentaliida,Fustiariidae,Fustiaria
Gastropoda,Caenogastropoda incertae sedis,Desbruyeresiidae,Desbruyeresia
Gastropoda,Pteropoda,Cavoliniidae,Telodiacria
Bivalvia,Pectinida,Dimyidae,Dimya
Bivalvia,Lucinida,Lucinidae,Divaricella
Gastropoda,Lepetellida,Fissurellidae,Hemimarginula
Gastropoda,Neogastropoda,Eosiphonidae,Enigmaticolus
Scaphopoda,Dentaliida,Gadilinidae,Episiphon
Bivalvia,Galeommatida,Lasaeidae,Amerycina
Gastropoda,Neogastropoda,Fasciolariidae,Fasciolaria
Gastropoda,Littorinimorpha,Ficidae,Ficus
Gastropoda,Nudibranchia,Flabellinidae,Ziminella
Gastropoda,Neogastropoda,Fasciolariidae,Aristofusus
Gastropoda,Neogastropoda,Fasciolariidae,Heilprinia
Cephalopoda,Oegopsida,Cranchiidae,Galiteuthis
Gastropoda,Neogastropoda,Clathurellidae,Glyphostoma
Cephalopoda,Oegopsida,Gonatidae,Gonatopsis
Cephalopoda,Oegopsida,Chiroteuthidae,Grimalditeuthis
Gastropoda,Neogastropoda,Pseudomelatomidae,Hindsiclava
Gastropoda,Pteropoda,Hyalocylidae,Hyalocylis
Gastropoda,Caenogastropoda incertae sedis,Paskentanidae,Ifremeria
Gastropoda,Trochida,Skeneidae,Iheyaspira
Gastropoda,Neogastropoda,Cancellariidae,Iphinopsis
Gastropoda,Littorinimorpha,Elachisinidae,Laeviphitus
Gastropoda,Neogastropoda,Fasciolariidae,Polygona
Gastropoda,Neogastropoda,Fasciolariidae,Hemipolygona
Gastropoda,Lepetellida,Lepetodrilidae,Lepetodrilus
Cephalopoda,Oegopsida,Lepidoteuthidae,Lepidoteuthis
Gastropoda,Pteropoda,Thieleidae,Thielea
Gastropoda,Pteropoda,Heliconoididae,Heliconoides
Bivalvia,Arcida,Philobryidae,Cratis
Bivalvia,Mytilida,Modiolidae,Leiosolenus
Cephalopoda,Myopsida,Loliginidae,Lolliguncula
Gastropoda,Lepetellida,Fissurellidae,Lucapina
Bivalvia,Pectinida,Pectinidae,Nodipecten
Gastropoda,Littorinimorpha,Hipponicidae,Hipponix
Cephalopoda,Oegopsida,Mastigoteuthidae,Mastigoteuthis
Cephalopoda,Oegopsida,Magnapinnidae,Magnapinna
Gastropoda,Trochida,Solariellidae,Archiminolia
Gastropoda,Trochida,Solariellidae,Bathymophila
Gastropoda,Neogastropoda,Columbellidae,Sulcomitrella
Gastropoda,Neogastropoda,Muricidae,Siratus
Gastropoda,Neogastropoda,Muricidae,Hexaplex
Gastropoda,Neogastropoda,Muricidae,Murexsul
Gastropoda,Littorinimorpha,Naticidae,Notocochlis
Bivalvia,Cardiida,Tellinidae,Nitidotellina
Bivalvia,Manzanellida,Nucinellidae,Nucinella
Cephalopoda,Oegopsida,Octopoteuthidae,Octopoteuthis
Cephalopoda,Octopoda,Octopodidae,Amphioctopus
Gastropoda,Neogastropoda,Mangeliidae,Oenopota
Gastropoda,Nacellida,Neolepetopsidae,Paralepetopsis
Bivalvia,Pectinida,Pectinidae,Euvola
Gastropoda,Nacellida,Pectinodontidae,Pectinodonta
Gastropoda,Doridida,Discodorididae,Diaulula
Gastropoda,Pteropoda,Peraclidae,Peracle
Gastropoda,Neogastropoda,Muricidae,Phyllonotus
Gastropoda,Neogastropoda,Raphitomidae,Phymorhynchus
Gastropoda,Doridida,Discodorididae,Platydoris
Gastropoda,Littorinimorpha,Tornidae,Pleuromalaxis
Gastropoda,Neogastropoda,Fasciolariidae,Triplofusus
Gastropoda,Neogastropoda,Muricidae,Paziella
Gastropoda,Neogastropoda,Turridae,Polystira
Bivalvia,NA,Poromyidae,Poromya
Gastropoda,Littorinimorpha,Atlantidae,Protatlanta
Gastropoda,Caenogastropoda incertae sedis,Provannidae,Provanna
Gastropoda,Neogastropoda,Muricidae,Ocinebrellus
Gastropoda,Littorinimorpha,Pterotracheidae,Pterotrachea
Gastropoda,Neomphalida,Neomphaloidea incertae sedis,Retiskenea
Gastropoda,NA,Ringiculidae,Ringicula
Cephalopoda,Sepiolida,Sepiolidae,Semirossia
Bivalvia,Cardiida,Psammobiidae,Sanguinolaria
Cephalopoda,Octopoda,Octopodidae,Scaeurgus
Gastropoda,Neogastropoda,Volutidae,Scaphella
Gastropoda,Littorinimorpha,Cassidae,Sconsia
Cephalopoda,Sepiolida,Sepiolidae,Lusepiola
Gastropoda,Cycloneritida,Phenacolepadidae,Shinkailepas
Gastropoda,Littorinimorpha,Ovulidae,Simnialena
Gastropoda,Neogastropoda,Buccinidae,Siphonalia
Bivalvia,Gastrochaenida,Gastrochaenidae,Spengleria
Scaphopoda,Dentaliida,Dentaliidae,Striodentalium
Gastropoda,Littorinimorpha,Eulimidae,Eulima
Gastropoda,Littorinimorpha,Strombidae,Macrostrombus
Gastropoda,Pteropoda,Creseidae,Styliola
Cephalopoda,Oegopsida,Pholidoteuthidae,Pholidoteuthis
Bivalvia,Lucinida,Thyasiridae,Parathyasira
Gastropoda,Neogastropoda,Cancellariidae,Ventrilia
Gastropoda,Caenogastropoda incertae sedis,Triphoridae,Iniforis
Gastropoda,Littorinimorpha,Triviidae,Pusula
Cephalopoda,Oegopsida,Chiroteuthidae,Planctoteuthis
Cephalopoda,Vampyromorpha,Vampyroteuthidae,Vampyroteuthis
Gastropoda,Littorinimorpha,Velutinidae,Limneria
Gastropoda,Seguenziida,Seguenzioidea incertae sedis,Ventsia
Bivalvia,Venerida,Vesicomyidae,Pliocardia
Cephalopoda,Octopoda,Amphitretidae,Vitreledonella
Cephalopoda,Oegopsida,Enoploteuthidae,Watasenia
Bivalvia,Nuculanida,Yoldiidae,Orthoyoldia
Gastropoda,Neogastropoda,Austrosiphonidae,Kelletia
Gastropoda,Lepetellida,Fissurellidae,Megathura
Bivalvia,Pectinida,Pectinidae,Crassadoma
Gastropoda,Neogastropoda,Conidae,Californiconus
Gastropoda,Neogastropoda,Mitridae,Atrimitra
Gastropoda,Littorinimorpha,Cypraeidae,Neobernaya
Bivalvia,Myida,Pholadidae,Parapholas
Bivalvia,Myida,Pholadidae,Chaceia
Gastropoda,Littorinimorpha,Vermetidae,Thylacodes
Cephalopoda,Sepiolida,Sepiolidae,Stoloteuthis
Cephalopoda,Oegopsida,Mastigoteuthidae,Magnoteuthis
Cephalopoda,Oegopsida,Chiroteuthidae,Chiroteuthis
Cephalopoda,Octopoda,Opisthoteuthidae,Opisthoteuthis
Cephalopoda,Oegopsida,Ommastrephidae,Ornithoteuthis
Cephalopoda,Octopoda,Stauroteuthidae,Stauroteuthis
Cephalopoda,Octopoda,Argonautidae,Argonauta
Cephalopoda,Oegopsida,Cycloteuthidae,Discoteuthis
Cephalopoda,Oegopsida,Thysanoteuthidae,Thysanoteuthis
Cephalopoda,Oegopsida,Lycoteuthidae,Selenoteuthis
Cephalopoda,Octopoda,Cirroteuthidae,Cirrothauma
Gastropoda,Littorinimorpha,Cymatiidae,Cabestana
Gastropoda,Neogastropoda,Muricidae,Dicathais
Gastropoda,Trochida,Turbinidae,Lunella
Gastropoda,Littorinimorpha,Ranellidae,Ranella
Gastropoda,Neogastropoda,Muricidae,Agnewia
Gastropoda,Doridida,Chromodorididae,Goniobranchus
Gastropoda,Doridida,Discodorididae,Aphelodoris
Gastropoda,Neogastropoda,Muricidae,Cronia
Gastropoda,Nudibranchia,Facelinidae,Pteraeolidia
Gastropoda,NA,Aplustridae,Bullina
Gastropoda,Doridida,Dendrodorididae,Doriopsilla
Gastropoda,Doridida,Chromodorididae,Hypselodoris
Gastropoda,Nudibranchia,Myrrhinidae,Phyllodesmium
Gastropoda,Doridida,Chromodorididae,Miamira
Gastropoda,Doridida,Polyceridae,Nembrotha
Gastropoda,Nudibranchia,Flabellinidae,Coryphellina
Gastropoda,Umbraculida,Umbraculidae,Umbraculum
Bivalvia,Ostreida,Pinnidae,Pinna
Cephalopoda,Octopoda,Octopodidae,Hapalochlaena
Gastropoda,Cephalaspidea,Aglajidae,Philinopsis
Gastropoda,Doridida,Polyceridae,Plocamopherus
Gastropoda,Littorinimorpha,Ovulidae,Phenacovolva
Gastropoda,Littorinimorpha,Ovulidae,Cuspivolva
Gastropoda,Nudibranchia,Samlidae,Samla
Gastropoda,Trochida,Trochidae,Clanculus
Gastropoda,Neogastropoda,Mitridae,Isara
Gastropoda,Doridida,Chromodorididae,Mexichromis
Gastropoda,Littorinimorpha,Ovulidae,Margovula
Gastropoda,Doridida,Chromodorididae,Glossodoris
Gastropoda,Nudibranchia,Facelinidae,Austraeolis
Gastropoda,Doridida,Chromodorididae,Thorunna
Gastropoda,Littorinimorpha,Cymatiidae,Austrosassia
Gastropoda,Doridida,Chromodorididae,Diversidoris
Gastropoda,Nudibranchia,Tethydidae,Melibe
Gastropoda,Doridida,Discodorididae,Carminodoris
Gastropoda,Trochida,Turbinidae,Bellastraea
Gastropoda,Nudibranchia,Arminidae,Dermatobranchus
Gastropoda,Doridida,Goniodorididae,Goniodoridella
Gastropoda,Doridida,Actinocyclidae,Hallaxa
Gastropoda,Caenogastropoda incertae sedis,Campanilidae,Campanile
Gastropoda,Neogastropoda,Muricidae,Bedeva
Gastropoda,Doridida,Chromodorididae,Chromodoris
Gastropoda,Trochida,Tegulidae,Tectus
Gastropoda,Trochida,Turbinidae,Astralium
Gastropoda,Littorinimorpha,Cypraeidae,Zoila
Gastropoda,Cephalaspidea,Gastropteridae,Sagaminopteron
Gastropoda,Trochida,Trochidae,Austrocochlea
Gastropoda,Littorinimorpha,Cypraeidae,Cribrarula
Gastropoda,Trochida,Trochidae,Phasianotrochus
Cephalopoda,Sepiolida,Sepiadariidae,Sepioloidea
Gastropoda,Cephalaspidea,Aglajidae,Chelidonura
Gastropoda,Neogastropoda,Columbellidae,Euplica
Gastropoda,Nudibranchia,Aeolidiidae,Cerberilla
Gastropoda,Neogastropoda,Muricidae,Tenguella
Gastropoda,Doridida,Chromodorididae,Verconia
Gastropoda,Neogastropoda,Austrosiphonidae,Penion
Gastropoda,Caenogastropoda incertae sedis,Epitoniidae,Alexania
Bivalvia,Venerida,Veneridae,Anomalodiscus
Gastropoda,Caenogastropoda incertae sedis,Batillariidae,Batillaria
Gastropoda,Nacellida,Nacellidae,Cellana
Gastropoda,Caenogastropoda incertae sedis,Potamididae,Cerithidea
Gastropoda,Caenogastropoda incertae sedis,Potamididae,Pirenella
Gastropoda,NA,Pyramidellidae,Cingulina
Gastropoda,Cycloneritida,Neritidae,Clithon
Bivalvia,Venerida,Mesodesmatidae,Coecella
Bivalvia,Venerida,Veneridae,Cyclina
Gastropoda,NA,Pyramidellidae,Pyrgulina
Bivalvia,Cardiida,Cardiidae,Fragum
Gastropoda,Cephalaspidea,Haminoeidae,Haloa
Gastropoda,Neogastropoda,Melongenidae,Hemifusus
Gastropoda,Littorinimorpha,Iravadiidae,Fluviocingula
Bivalvia,Venerida,Veneridae,Marcia
Bivalvia,Cardiida,Tellinidae,Jactellina
Bivalvia,Venerida,Veneridae,Meretrix
Bivalvia,Cardiida,Tellinidae,Jitlada
Gastropoda,Trochida,Trochidae,Monodonta
Bivalvia,Galeommatida,Lasaeidae,Montacutona
Gastropoda,Nacellida,Lottiidae,Patelloida
Gastropoda,Littorinimorpha,Eulimidae,Peasistilifer
Bivalvia,Lucinida,Lucinidae,Pillucina
Gastropoda,Caenogastropoda incertae sedis,Cerithiidae,Ittibittium
Gastropoda,Littorinimorpha,Tornidae,Pseudoliotia
Gastropoda,Cephalaspidea,Cylichnidae,Decorifer
Bivalvia,Ostreida,Ostreidae,Saccostrea
Gastropoda,Littorinimorpha,Stenothyridae,Stenothyra
Gastropoda,Littorinimorpha,Strombidae,Laevistrombus
Gastropoda,Neogastropoda,Muricidae,Reishia
Gastropoda,Littorinimorpha,Eulimidae,Parvioris
Bivalvia,Mytilida,Modiolidae,Vignadula
Bivalvia,Venerida,Kelliellidae,Alveinus
Gastropoda,Littorinimorpha,Pomatiopsidae,Cecina
Bivalvia,Venerida,Cyrenidae,Corbicula
Gastropoda,Neogastropoda,Mangeliidae,Eucithara
Bivalvia,Galeommatida,Galeommatidae,Galeommella
Bivalvia,Venerida,Glauconomidae,Glauconome
Gastropoda,Littorinimorpha,Naticidae,Laguncula
Bivalvia,NA,Laternulidae,Exolaternula
Bivalvia,Galeommatida,Lasaeidae,Litigiella
Bivalvia,Venerida,Mactridae,Meropesta
Bivalvia,Cardiida,Tellinidae,Iridona
Gastropoda,NA,Pyramidellidae,Tiberia
Bivalvia,Galeommatida,Lasaeidae,Borniopsis
Bivalvia,Cardiida,Tellinidae,Semelangulus
Bivalvia,Cardiida,Psammobiidae,Hiatula
Gastropoda,NA,Pyramidellidae,Tropaeas
Bivalvia,Lucinida,Lucinidae,Chavania
Polyplacophora,Chitonida,Chitonidae,Rhyssoplax
Gastropoda,Littorinimorpha,Vermetidae,Vermetus
Gastropoda,Neogastropoda,Pseudomelatomidae,Crassispira
Gastropoda,Neogastropoda,Marginellidae,Eratoidea
Gastropoda,Neogastropoda,Pisaniidae,Hesperisternia
Gastropoda,Neogastropoda,Muricidae,Bolinus
Gastropoda,Littorinimorpha,Strombidae,Conomurex
Gastropoda,Trochida,Turbinidae,Pomaulax
Gastropoda,Trochida,Turbinidae,Megastraea
Gastropoda,Trochida,Tegulidae,Tegula
Gastropoda,Doridida,Discodorididae,Peltodoris
Bivalvia,Unionida,Unionidae,Anodonta
Polyplacophora,Chitonida,Mopaliidae,Katharina
Gastropoda,NA,Lymnaeidae,Lymnaea
Gastropoda,NA,Lymnaeidae,Ampullaceana
Bivalvia,Unionida,Unionidae,Unio
Caudofoveata,Chaetodermatida,Limifossoridae,Scutopus
Gastropoda,Trochida,Tegulidae,Rochia
Bivalvia,Cardiida,Cardiidae,Tridacna
Gastropoda,Littorinimorpha,Naticidae,Bulbus
Gastropoda,Seguenziida,Calliotropidae,Calliotropis
Gastropoda,Littorinimorpha,Capulidae,Torellia
Gastropoda,Caenogastropoda incertae sedis,Newtoniellidae,Eumetula
Bivalvia,Myida,Xylophagaidae,Xylonora
Gastropoda,Neogastropoda,Retimohniidae,Retimohnia
Gastropoda,Neogastropoda,Raphitomidae,Pleurotomella
Gastropoda,Littorinimorpha,Aporrhaidae,Arrhoges
Gastropoda,Littorinimorpha,Velutinidae,Marsenina
Bivalvia,Mytilida,Mytilidae,Arvella
Gastropoda,Neogastropoda,Raphitomidae,Gymnobela
Bivalvia,Venerida,Mesodesmatidae,Mesodesma
Gastropoda,NA,Mathildidae,Turritellopsis
Gastropoda,Cocculinida,Teuthirostriidae,Fedikovella
Bivalvia,Lucinida,Lucinidae,Afrolucina
Gastropoda,Littorinimorpha,Cochliopidae,Spurwinkia
Gastropoda,NA,Pyramidellidae,Tibersyrnola
Bivalvia,Nuculanida,Neilonellidae,Pseudoneilonella
Gastropoda,Caenogastropoda incertae sedis,Epitoniidae,Couthouyella
Gastropoda,Trochida,Solariellidae,Lamellitrochus
Bivalvia,Nuculanida,Nuculanidae,Ledella
Gastropoda,Neogastropoda,Retimohniidae,Retifusus
Gastropoda,Neogastropoda,Volutomitridae,Volutomitra
Gastropoda,Littorinimorpha,Eulimidae,Pelseneeria
Cephalopoda,Oegopsida,Ancistrocheiridae,Ancistrocheirus
Gastropoda,Caenogastropoda incertae sedis,Epitoniidae,Acirsa
Cephalopoda,Oegopsida,Ommastrephidae,Ommastrephes
